179.96.28.58,80,Brazil - Caldas Novas,Elite,HTTP/HTTPS
114.232.109.188,8888,China - Shanghai,Elite,HTTP/HTTPS
156.240.111.230,59145,Hong Kong - Hong Kong,Transparent,HTTP/HTTPS
103.191.115.238,82,India - BƒÅnka,Transparent,HTTP/HTTPS
103.127.220.251,8181,Indonesia - Tulangan Utara,Transparent,HTTP/HTTPS
103.173.138.240,1111,Indonesia - Tanggamus,Transparent,HTTP/HTTPS
92.249.112.100,8197,Ukraine - Kyiv,Elite,HTTP/HTTPS
67.43.228.254,10909,elite proxy,elite proxy,HTTP/HTTPS
161.35.70.249,3128,anonymous,anonymous,HTTP/HTTPS
50.28.7.107,80,elite proxy,elite proxy,HTTP/HTTPS
47.56.110.204,8989,anonymous,anonymous,HTTP/HTTPS
47.242.47.64,8888,anonymous,anonymous,HTTP/HTTPS
198.199.86.11,8080,anonymous,anonymous,HTTP/HTTPS
198.44.255.5,80,anonymous,anonymous,HTTP/HTTPS
50.207.199.81,80,anonymous,anonymous,HTTP/HTTPS
50.145.24.186,80,anonymous,anonymous,HTTP/HTTPS
50.174.7.156,80,anonymous,anonymous,HTTP/HTTPS
50.174.145.13,80,anonymous,anonymous,HTTP/HTTPS
50.174.7.158,80,anonymous,anonymous,HTTP/HTTPS
50.223.246.237,80,anonymous,anonymous,HTTP/HTTPS
178.128.113.118,23128,anonymous,anonymous,HTTP/HTTPS
50.172.75.123,80,anonymous,anonymous,HTTP/HTTPS
162.214.165.203,80,elite proxy,elite proxy,HTTP/HTTPS
50.207.199.86,80,anonymous,anonymous,HTTP/HTTPS
192.73.244.36,80,elite proxy,elite proxy,HTTP/HTTPS
43.134.1.40,3128,anonymous,anonymous,HTTP/HTTPS
162.241.43.120,80,elite proxy,elite proxy,HTTP/HTTPS
202.61.204.51,80,elite proxy,elite proxy,HTTP/HTTPS
54.179.44.51,3128,elite proxy,elite proxy,HTTP/HTTPS
50.217.226.45,80,anonymous,anonymous,HTTP/HTTPS
43.153.207.93,3128,anonymous,anonymous,HTTP/HTTPS
50.217.226.44,80,anonymous,anonymous,HTTP/HTTPS
50.207.199.83,80,anonymous,anonymous,HTTP/HTTPS
191.101.80.162,80,anonymous,anonymous,HTTP/HTTPS
34.23.45.223,80,elite proxy,elite proxy,HTTP/HTTPS
50.217.226.42,80,anonymous,anonymous,HTTP/HTTPS
61.97.191.101,9070,anonymous,anonymous,HTTP/HTTPS
50.172.75.127,80,anonymous,anonymous,HTTP/HTTPS
50.174.145.9,80,anonymous,anonymous,HTTP/HTTPS
211.128.96.206,80,anonymous,anonymous,HTTP/HTTPS
50.221.74.130,80,anonymous,anonymous,HTTP/HTTPS
129.226.193.16,3128,anonymous,anonymous,HTTP/HTTPS
103.127.1.130,80,anonymous,anonymous,HTTP/HTTPS
103.163.51.254,80,anonymous,anonymous,HTTP/HTTPS
50.222.245.45,80,anonymous,anonymous,HTTP/HTTPS
50.173.182.90,80,anonymous,anonymous,HTTP/HTTPS
80.228.235.6,80,anonymous,anonymous,HTTP/HTTPS
196.223.129.21,80,elite proxy,elite proxy,HTTP/HTTPS
50.171.122.30,80,anonymous,anonymous,HTTP/HTTPS
178.128.200.87,80,elite proxy,elite proxy,HTTP/HTTPS
50.144.168.74,80,anonymous,anonymous,HTTP/HTTPS
13.59.156.167,3128,elite proxy,elite proxy,HTTP/HTTPS
13.212.148.192,48540,elite proxy,elite proxy,HTTP/HTTPS
43.134.33.254,3128,anonymous,anonymous,HTTP/HTTPS
50.168.163.177,80,anonymous,anonymous,HTTP/HTTPS
50.168.163.179,80,anonymous,anonymous,HTTP/HTTPS
50.175.212.77,80,anonymous,anonymous,HTTP/HTTPS
104.45.128.122,80,elite proxy,elite proxy,HTTP/HTTPS
50.172.75.126,80,anonymous,anonymous,HTTP/HTTPS
198.49.68.80,80,elite proxy,elite proxy,HTTP/HTTPS
216.137.184.253,80,elite proxy,elite proxy,HTTP/HTTPS
50.168.163.166,80,anonymous,anonymous,HTTP/HTTPS
50.223.239.175,80,anonymous,anonymous,HTTP/HTTPS
188.132.209.245,80,anonymous,anonymous,HTTP/HTTPS
50.174.145.14,80,anonymous,anonymous,HTTP/HTTPS
50.230.222.202,80,anonymous,anonymous,HTTP/HTTPS
20.210.113.32,8123,elite proxy,elite proxy,HTTP/HTTPS
50.217.226.46,80,anonymous,anonymous,HTTP/HTTPS
43.134.229.98,3128,anonymous,anonymous,HTTP/HTTPS
68.185.57.66,80,anonymous,anonymous,HTTP/HTTPS
50.168.163.176,80,anonymous,anonymous,HTTP/HTTPS
50.217.226.43,80,anonymous,anonymous,HTTP/HTTPS
50.222.245.43,80,anonymous,anonymous,HTTP/HTTPS
50.168.72.112,80,anonymous,anonymous,HTTP/HTTPS
156.67.214.232,80,elite proxy,elite proxy,HTTP/HTTPS
23.254.231.55,80,elite proxy,elite proxy,HTTP/HTTPS
13.56.163.250,3128,elite proxy,elite proxy,HTTP/HTTPS
50.175.212.79,80,anonymous,anonymous,HTTP/HTTPS
50.172.75.121,80,anonymous,anonymous,HTTP/HTTPS
50.231.172.74,80,anonymous,anonymous,HTTP/HTTPS
50.223.239.190,80,anonymous,anonymous,HTTP/HTTPS
82.119.96.254,80,anonymous,anonymous,HTTP/HTTPS
50.237.207.186,80,anonymous,anonymous,HTTP/HTTPS
50.168.163.180,80,anonymous,anonymous,HTTP/HTTPS
82.180.139.155,80,elite proxy,elite proxy,HTTP/HTTPS
50.175.212.76,80,anonymous,anonymous,HTTP/HTTPS
179.96.28.58,80,elite proxy,elite proxy,HTTP/HTTPS
35.185.196.38,3128,anonymous,anonymous,HTTP/HTTPS
50.168.163.182,80,anonymous,anonymous,HTTP/HTTPS
143.110.232.177,80,elite proxy,elite proxy,HTTP/HTTPS
50.174.7.157,80,anonymous,anonymous,HTTP/HTTPS
54.67.125.45,3128,elite proxy,elite proxy,HTTP/HTTPS
138.68.235.51,80,elite proxy,elite proxy,HTTP/HTTPS
50.223.239.191,80,anonymous,anonymous,HTTP/HTTPS
116.203.49.36,80,elite proxy,elite proxy,HTTP/HTTPS
50.217.226.40,80,anonymous,anonymous,HTTP/HTTPS
52.67.10.183,80,elite proxy,elite proxy,HTTP/HTTPS
50.207.199.82,80,anonymous,anonymous,HTTP/HTTPS
20.193.154.130,8888,anonymous,anonymous,HTTP/HTTPS
137.184.100.135,80,elite proxy,elite proxy,HTTP/HTTPS
50.223.239.167,80,anonymous,anonymous,HTTP/HTTPS
50.174.7.155,80,anonymous,anonymous,HTTP/HTTPS
3.123.150.192,3128,elite proxy,elite proxy,HTTP/HTTPS
167.99.124.118,80,anonymous,anonymous,HTTP/HTTPS
50.223.239.183,80,anonymous,anonymous,HTTP/HTTPS
165.227.0.192,80,elite proxy,elite proxy,HTTP/HTTPS
50.202.75.26,80,anonymous,anonymous,HTTP/HTTPS
191.243.46.30,43241,transparent,transparent,HTTP/HTTPS
202.152.24.50,8080,transparent,transparent,HTTP/HTTPS
111.68.117.200,4995,transparent,transparent,HTTP/HTTPS
119.160.13.29,3128,transparent,transparent,HTTP/HTTPS
103.180.198.23,8181,transparent,transparent,HTTP/HTTPS
103.170.100.96,8080,transparent,transparent,HTTP/HTTPS
201.77.108.1,999,transparent,transparent,HTTP/HTTPS
103.169.130.20,8080,transparent,transparent,HTTP/HTTPS
103.156.140.202,8080,transparent,transparent,HTTP/HTTPS
191.97.19.14,999,transparent,transparent,HTTP/HTTPS
201.91.248.67,20183,transparent,transparent,HTTP/HTTPS
200.24.159.155,999,transparent,transparent,HTTP/HTTPS
222.127.170.189,3128,transparent,transparent,HTTP/HTTPS
181.196.254.201,999,transparent,transparent,HTTP/HTTPS
89.40.142.236,3128,transparent,transparent,HTTP/HTTPS
103.124.97.12,8080,transparent,transparent,HTTP/HTTPS
37.148.217.237,999,transparent,transparent,HTTP/HTTPS
35.225.16.82,2387,transparent,transparent,HTTP/HTTPS
64.62.200.198,3128,transparent,transparent,HTTP/HTTPS
103.88.239.38,84,transparent,transparent,HTTP/HTTPS
149.102.147.154,3128,transparent,transparent,HTTP/HTTPS
185.159.153.234,80,anonymous,anonymous,HTTP/HTTPS
194.182.178.90,3128,anonymous,anonymous,HTTP/HTTPS
37.27.29.181,80,anonymous,anonymous,HTTP/HTTPS
47.243.177.210,8088,anonymous,anonymous,HTTP/HTTPS
167.99.174.59,80,elite proxy,elite proxy,HTTP/HTTPS
34.87.84.105,80,elite proxy,elite proxy,HTTP/HTTPS
210.212.39.138,8080,elite proxy,elite proxy,HTTP/HTTPS
159.65.244.233,80,elite proxy,elite proxy,HTTP/HTTPS
50.175.212.72,80,anonymous,anonymous,HTTP/HTTPS
50.223.239.160,80,anonymous,anonymous,HTTP/HTTPS
50.174.145.12,80,anonymous,anonymous,HTTP/HTTPS
50.174.145.8,80,anonymous,anonymous,HTTP/HTTPS
50.222.245.50,80,anonymous,anonymous,HTTP/HTTPS
50.174.145.11,80,anonymous,anonymous,HTTP/HTTPS
50.144.166.226,80,anonymous,anonymous,HTTP/HTTPS
50.222.245.41,80,anonymous,anonymous,HTTP/HTTPS
50.169.37.50,80,anonymous,anonymous,HTTP/HTTPS
50.223.239.161,80,anonymous,anonymous,HTTP/HTTPS
50.168.163.181,80,anonymous,anonymous,HTTP/HTTPS
50.171.177.124,80,anonymous,anonymous,HTTP/HTTPS
50.217.226.47,80,anonymous,anonymous,HTTP/HTTPS
50.168.163.178,80,anonymous,anonymous,HTTP/HTTPS
50.168.72.114,80,anonymous,anonymous,HTTP/HTTPS
50.223.239.168,80,anonymous,anonymous,HTTP/HTTPS
50.172.75.124,80,anonymous,anonymous,HTTP/HTTPS
50.171.187.50,80,anonymous,anonymous,HTTP/HTTPS
3.212.148.199,3128,elite proxy,elite proxy,HTTP/HTTPS
50.145.24.176,80,anonymous,anonymous,HTTP/HTTPS
50.175.212.74,80,anonymous,anonymous,HTTP/HTTPS
50.168.72.118,80,anonymous,anonymous,HTTP/HTTPS
50.223.38.6,80,anonymous,anonymous,HTTP/HTTPS
50.145.24.181,80,anonymous,anonymous,HTTP/HTTPS
50.168.72.116,80,anonymous,anonymous,HTTP/HTTPS
50.223.239.185,80,anonymous,anonymous,HTTP/HTTPS
50.174.7.152,80,anonymous,anonymous,HTTP/HTTPS
50.168.72.117,80,anonymous,anonymous,HTTP/HTTPS
50.168.163.183,80,anonymous,anonymous,HTTP/HTTPS
50.239.72.16,80,anonymous,anonymous,HTTP/HTTPS
50.223.239.173,80,anonymous,anonymous,HTTP/HTTPS
50.174.145.15,80,anonymous,anonymous,HTTP/HTTPS
66.191.31.158,80,anonymous,anonymous,HTTP/HTTPS
50.168.72.122,80,anonymous,anonymous,HTTP/HTTPS
149.81.6.202,8080,anonymous,anonymous,HTTP/HTTPS
50.207.199.84,80,anonymous,anonymous,HTTP/HTTPS
50.222.245.44,80,anonymous,anonymous,HTTP/HTTPS
50.172.75.120,80,anonymous,anonymous,HTTP/HTTPS
50.222.245.46,80,anonymous,anonymous,HTTP/HTTPS
50.222.245.42,80,anonymous,anonymous,HTTP/HTTPS
50.174.7.153,80,anonymous,anonymous,HTTP/HTTPS
50.172.75.122,80,anonymous,anonymous,HTTP/HTTPS
198.44.255.3,80,anonymous,anonymous,HTTP/HTTPS
50.168.72.113,80,anonymous,anonymous,HTTP/HTTPS
50.168.72.115,80,anonymous,anonymous,HTTP/HTTPS
50.174.7.154,80,anonymous,anonymous,HTTP/HTTPS
50.223.239.165,80,anonymous,anonymous,HTTP/HTTPS
50.239.72.17,80,anonymous,anonymous,HTTP/HTTPS
50.207.199.87,80,anonymous,anonymous,HTTP/HTTPS
50.174.7.159,80,anonymous,anonymous,HTTP/HTTPS
50.168.72.119,80,anonymous,anonymous,HTTP/HTTPS
50.223.239.177,80,anonymous,anonymous,HTTP/HTTPS
179.49.117.21,999,transparent,transparent,HTTP/HTTPS
94.200.195.220,8080,transparent,transparent,HTTP/HTTPS
159.223.136.87,3128,transparent,transparent,HTTP/HTTPS
190.69.157.215,999,transparent,transparent,HTTP/HTTPS
103.162.107.131,3125,transparent,transparent,HTTP/HTTPS
45.173.230.227,999,transparent,transparent,HTTP/HTTPS
161.34.0.163,8888,transparent,transparent,HTTP/HTTPS
221.140.235.236,5002,elite proxy,elite proxy,HTTP/HTTPS
143.198.226.25,80,elite proxy,elite proxy,HTTP/HTTPS
62.72.56.132,80,elite proxy,elite proxy,HTTP/HTTPS
172.183.241.1,8080,elite proxy,elite proxy,HTTP/HTTPS
154.65.39.8,80,elite proxy,elite proxy,HTTP/HTTPS
139.59.1.14,8080,anonymous,anonymous,HTTP/HTTPS
173.213.71.6,80,anonymous,anonymous,HTTP/HTTPS
50.174.145.10,80,anonymous,anonymous,HTTP/HTTPS
50.171.187.51,80,anonymous,anonymous,HTTP/HTTPS
50.169.135.10,80,anonymous,anonymous,HTTP/HTTPS
85.8.68.2,80,anonymous,anonymous,HTTP/HTTPS
24.205.201.186,80,anonymous,anonymous,HTTP/HTTPS
41.207.187.178,80,anonymous,anonymous,HTTP/HTTPS
50.232.104.86,80,anonymous,anonymous,HTTP/HTTPS
50.223.246.226,80,anonymous,anonymous,HTTP/HTTPS
127.0.0.7,80,anonymous,anonymous,HTTP/HTTPS
50.223.239.194,80,anonymous,anonymous,HTTP/HTTPS
3.127.62.252,80,elite proxy,elite proxy,HTTP/HTTPS
13.56.192.187,80,elite proxy,elite proxy,HTTP/HTTPS
50.217.226.41,80,anonymous,anonymous,HTTP/HTTPS
50.231.110.26,80,anonymous,anonymous,HTTP/HTTPS
50.168.7.250,80,anonymous,anonymous,HTTP/HTTPS
103.88.239.197,84,transparent,transparent,HTTP/HTTPS
202.47.188.94,5555,transparent,transparent,HTTP/HTTPS
103.166.161.34,8080,transparent,transparent,HTTP/HTTPS
159.89.175.22,8888,transparent,transparent,HTTP/HTTPS
103.56.206.65,4995,transparent,transparent,HTTP/HTTPS
102.164.252.150,8080,transparent,transparent,HTTP/HTTPS
41.65.0.221,1981,transparent,transparent,HTTP/HTTPS
103.165.157.33,8080,transparent,transparent,HTTP/HTTPS
204.157.251.155,999,transparent,transparent,HTTP/HTTPS
103.154.230.190,8080,transparent,transparent,HTTP/HTTPS
37.120.187.59,80,transparent,transparent,HTTP/HTTPS
103.156.70.38,8084,transparent,transparent,HTTP/HTTPS
103.165.125.182,8080,transparent,transparent,HTTP/HTTPS
101.255.151.70,3125,transparent,transparent,HTTP/HTTPS
93.185.114.30,8888,transparent,transparent,HTTP/HTTPS
116.203.28.43,80,anonymous,anonymous,HTTP/HTTPS
50.221.230.186,80,anonymous,anonymous,HTTP/HTTPS
12.186.205.120,80,anonymous,anonymous,HTTP/HTTPS
43.134.32.184,3128,anonymous,anonymous,HTTP/HTTPS
8.219.97.248,80,anonymous,anonymous,HTTP/HTTPS
114.156.77.107,8080,elite proxy,elite proxy,HTTP/HTTPS
155.94.241.130,3128,anonymous,anonymous,HTTP/HTTPS
43.134.68.153,3128,anonymous,anonymous,HTTP/HTTPS
137.184.121.54,80,elite proxy,elite proxy,HTTP/HTTPS
190.103.177.131,80,anonymous,anonymous,HTTP/HTTPS
51.89.73.162,80,elite proxy,elite proxy,HTTP/HTTPS
50.174.7.162,80,anonymous,anonymous,HTTP/HTTPS
34.92.250.88,11111,elite proxy,elite proxy,HTTP/HTTPS
213.33.2.28,80,anonymous,anonymous,HTTP/HTTPS
43.153.237.252,3128,anonymous,anonymous,HTTP/HTTPS
183.100.14.134,8000,elite proxy,elite proxy,HTTP/HTTPS
197.255.126.69,80,elite proxy,elite proxy,HTTP/HTTPS
185.217.143.96,80,anonymous,anonymous,HTTP/HTTPS
12.186.205.121,80,anonymous,anonymous,HTTP/HTTPS
50.172.39.98,80,anonymous,anonymous,HTTP/HTTPS
195.114.209.50,80,elite proxy,elite proxy,HTTP/HTTPS
20.111.54.16,8123,elite proxy,elite proxy,HTTP/HTTPS
51.210.19.141,80,elite proxy,elite proxy,HTTP/HTTPS
209.146.104.56,80,anonymous,anonymous,HTTP/HTTPS
39.109.113.97,3128,anonymous,anonymous,HTTP/HTTPS
20.204.212.45,3129,anonymous,anonymous,HTTP/HTTPS
62.99.138.162,80,anonymous,anonymous,HTTP/HTTPS
185.199.53.73,80,elite proxy,elite proxy,HTTP/HTTPS
213.33.126.130,80,anonymous,anonymous,HTTP/HTTPS
50.239.72.19,80,anonymous,anonymous,HTTP/HTTPS
189.240.60.164,9090,elite proxy,elite proxy,HTTP/HTTPS
209.15.117.148,80,elite proxy,elite proxy,HTTP/HTTPS
37.27.81.120,80,anonymous,anonymous,HTTP/HTTPS
189.240.60.166,9090,elite proxy,elite proxy,HTTP/HTTPS
162.223.94.166,80,anonymous,anonymous,HTTP/HTTPS
20.205.61.143,80,elite proxy,elite proxy,HTTP/HTTPS
50.223.239.166,80,anonymous,anonymous,HTTP/HTTPS
18.228.198.164,80,elite proxy,elite proxy,HTTP/HTTPS
195.23.57.78,80,anonymous,anonymous,HTTP/HTTPS
202.165.75.184,5265,transparent,transparent,HTTP/HTTPS
104.252.131.73,3128,transparent,transparent,HTTP/HTTPS
134.73.128.66,6024,transparent,transparent,HTTP/HTTPS
156.239.53.76,3128,transparent,transparent,HTTP/HTTPS
156.239.53.71,3128,transparent,transparent,HTTP/HTTPS
84.32.64.190,3128,transparent,transparent,HTTP/HTTPS
202.165.75.195,5506,transparent,transparent,HTTP/HTTPS
45.94.135.72,4046,transparent,transparent,HTTP/HTTPS
84.32.64.36,3128,transparent,transparent,HTTP/HTTPS
139.64.196.223,6793,transparent,transparent,HTTP/HTTPS
104.252.131.72,3128,transparent,transparent,HTTP/HTTPS
104.165.127.223,3128,transparent,transparent,HTTP/HTTPS
166.88.169.86,6693,transparent,transparent,HTTP/HTTPS
202.165.75.249,5864,transparent,transparent,HTTP/HTTPS
104.164.183.140,3128,transparent,transparent,HTTP/HTTPS
156.239.49.14,3128,transparent,transparent,HTTP/HTTPS
104.165.169.240,3128,transparent,transparent,HTTP/HTTPS
104.252.131.104,3128,transparent,transparent,HTTP/HTTPS
156.239.49.61,3128,transparent,transparent,HTTP/HTTPS
45.41.160.7,5989,transparent,transparent,HTTP/HTTPS
190.92.166.55,4640,transparent,transparent,HTTP/HTTPS
23.247.112.65,6721,transparent,transparent,HTTP/HTTPS
192.186.151.68,8569,transparent,transparent,HTTP/HTTPS
69.30.217.114,17009,transparent,transparent,HTTP/HTTPS
173.0.9.136,5719,transparent,transparent,HTTP/HTTPS
23.247.37.175,6477,transparent,transparent,HTTP/HTTPS
156.239.53.53,3128,transparent,transparent,HTTP/HTTPS
104.165.127.141,3128,transparent,transparent,HTTP/HTTPS
202.165.72.182,5096,transparent,transparent,HTTP/HTTPS
134.73.52.212,6872,transparent,transparent,HTTP/HTTPS
209.250.11.83,4283,transparent,transparent,HTTP/HTTPS
104.165.169.196,3128,transparent,transparent,HTTP/HTTPS
104.165.169.18,3128,transparent,transparent,HTTP/HTTPS
136.0.109.97,6383,transparent,transparent,HTTP/HTTPS
202.165.72.72,5688,transparent,transparent,HTTP/HTTPS
107.175.119.154,6682,transparent,transparent,HTTP/HTTPS
199.102.106.94,4145,Socks4,Socks4,HTTP/HTTPS
43.153.12.21,20356,Socks4,Socks4,HTTP/HTTPS
123.108.98.89,5678,Socks4,Socks4,HTTP/HTTPS
176.99.2.43,1080,Socks4,Socks4,HTTP/HTTPS
198.12.249.249,59708,Socks4,Socks4,HTTP/HTTPS
202.131.246.250,5678,Socks4,Socks4,HTTP/HTTPS
23.94.214.8,9054,Socks4,Socks4,HTTP/HTTPS
110.78.172.224,4145,Socks4,Socks4,HTTP/HTTPS
162.210.197.69,45330,Socks4,Socks4,HTTP/HTTPS
198.8.84.3,4145,Socks4,Socks4,HTTP/HTTPS
82.165.198.169,45928,Socks4,Socks4,HTTP/HTTPS
72.195.34.41,4145,Socks4,Socks4,HTTP/HTTPS
172.104.154.229,23560,Socks4,Socks4,HTTP/HTTPS
41.139.147.86,5678,Socks4,Socks4,HTTP/HTTPS
142.54.235.9,4145,Socks4,Socks4,HTTP/HTTPS
31.43.203.100,1080,Socks4,Socks4,HTTP/HTTPS
50.96.204.3,18351,Socks4,Socks4,HTTP/HTTPS
192.111.137.37,18762,Socks4,Socks4,HTTP/HTTPS
132.148.165.102,29099,Socks4,Socks4,HTTP/HTTPS
221.134.152.75,7302,Socks4,Socks4,HTTP/HTTPS
162.216.204.146,1080,Socks4,Socks4,HTTP/HTTPS
184.181.217.213,4145,Socks4,Socks4,HTTP/HTTPS
46.173.175.166,10801,Socks4,Socks4,HTTP/HTTPS
72.37.217.3,4145,Socks4,Socks4,HTTP/HTTPS
103.197.48.54,9898,Socks4,Socks4,HTTP/HTTPS
72.206.181.97,64943,Socks4,Socks4,HTTP/HTTPS
43.153.22.98,20356,Socks4,Socks4,HTTP/HTTPS
162.241.45.22,64588,Socks4,Socks4,HTTP/HTTPS
43.153.81.56,20356,Socks4,Socks4,HTTP/HTTPS
66.29.128.243,12467,Socks4,Socks4,HTTP/HTTPS
171.250.217.19,1080,Socks4,Socks4,HTTP/HTTPS
198.12.248.208,17351,Socks4,Socks4,HTTP/HTTPS
104.37.135.145,4145,Socks4,Socks4,HTTP/HTTPS
159.192.121.240,4145,Socks4,Socks4,HTTP/HTTPS
103.17.90.6,5678,Socks4,Socks4,HTTP/HTTPS
103.146.170.244,5678,Socks4,Socks4,HTTP/HTTPS
47.245.56.108,18181,Socks4,Socks4,HTTP/HTTPS
188.165.223.183,12600,Socks4,Socks4,HTTP/HTTPS
89.151.134.25,1080,Socks4,Socks4,HTTP/HTTPS
212.231.230.141,18500,Socks4,Socks4,HTTP/HTTPS
98.162.25.29,31679,Socks4,Socks4,HTTP/HTTPS
98.162.25.4,31654,Socks4,Socks4,HTTP/HTTPS
198.8.94.170,4145,Socks4,Socks4,HTTP/HTTPS
178.210.130.89,5678,Socks4,Socks4,HTTP/HTTPS
162.240.239.103,49556,Socks4,Socks4,HTTP/HTTPS
136.243.21.206,62540,Socks4,Socks4,HTTP/HTTPS
103.165.175.71,5678,Socks4,Socks4,HTTP/HTTPS
162.241.45.88,33792,Socks4,Socks4,HTTP/HTTPS
176.236.163.34,59311,Socks4,Socks4,HTTP/HTTPS
134.35.180.60,4145,Socks4,Socks4,HTTP/HTTPS
94.154.221.91,5678,Socks4,Socks4,HTTP/HTTPS
103.105.103.1,3629,Socks4,Socks4,HTTP/HTTPS
103.121.214.50,4145,Socks4,Socks4,HTTP/HTTPS
212.83.143.151,47049,Socks4,Socks4,HTTP/HTTPS
144.126.135.89,59904,Socks4,Socks4,HTTP/HTTPS
112.78.138.163,5678,Socks4,Socks4,HTTP/HTTPS
200.6.175.10,59341,Socks4,Socks4,HTTP/HTTPS
190.54.12.74,5678,Socks4,Socks4,HTTP/HTTPS
178.32.122.250,15007,Socks4,Socks4,HTTP/HTTPS
197.234.13.27,4145,Socks4,Socks4,HTTP/HTTPS
185.92.244.7,7433,Socks4,Socks4,HTTP/HTTPS
43.153.8.14,20356,Socks4,Socks4,HTTP/HTTPS
194.26.229.46,20001,Socks4,Socks4,HTTP/HTTPS
45.181.228.211,4145,Socks4,Socks4,HTTP/HTTPS
67.206.213.202,55555,Socks4,Socks4,HTTP/HTTPS
103.159.221.135,5678,Socks4,Socks4,HTTP/HTTPS
43.131.247.170,15673,Socks4,Socks4,HTTP/HTTPS
8.213.137.155,7443,Socks4,Socks4,HTTP/HTTPS
8.219.175.173,15673,Socks4,Socks4,HTTP/HTTPS
190.92.159.203,38813,Socks4,Socks4,HTTP/HTTPS
171.248.222.223,1080,Socks4,Socks4,HTTP/HTTPS
178.115.236.219,5678,Socks4,Socks4,HTTP/HTTPS
78.36.19.22,1080,Socks4,Socks4,HTTP/HTTPS
45.116.114.37,5678,Socks4,Socks4,HTTP/HTTPS
1.32.57.85,5678,Socks4,Socks4,HTTP/HTTPS
45.180.23.209,4145,Socks4,Socks4,HTTP/HTTPS
162.19.7.61,37536,Socks4,Socks4,HTTP/HTTPS
45.172.177.253,59341,Socks4,Socks4,HTTP/HTTPS
138.186.222.129,5678,Socks4,Socks4,HTTP/HTTPS
213.249.123.18,1080,Socks4,Socks4,HTTP/HTTPS
165.140.85.157,49237,Socks4,Socks4,HTTP/HTTPS
103.225.125.169,4153,Socks4,Socks4,HTTP/HTTPS
103.121.62.14,5678,Socks4,Socks4,HTTP/HTTPS
95.182.78.2,5678,Socks4,Socks4,HTTP/HTTPS
67.213.210.175,49580,Socks4,Socks4,HTTP/HTTPS
196.29.231.1,4145,Socks4,Socks4,HTTP/HTTPS
152.170.68.57,33333,Socks4,Socks4,HTTP/HTTPS
103.127.38.46,1080,Socks4,Socks4,HTTP/HTTPS
138.0.60.23,1080,Socks4,Socks4,HTTP/HTTPS
38.91.107.220,10116,Socks4,Socks4,HTTP/HTTPS
222.165.223.140,41541,Socks4,Socks4,HTTP/HTTPS
43.153.15.80,33333,Socks4,Socks4,HTTP/HTTPS
108.181.132.115,61650,Socks4,Socks4,HTTP/HTTPS
170.247.43.142,32812,Socks4,Socks4,HTTP/HTTPS
12.218.209.130,13326,Socks4,Socks4,HTTP/HTTPS
50.207.130.198,54321,Socks4,Socks4,HTTP/HTTPS
23.105.170.35,56551,Socks4,Socks4,HTTP/HTTPS
31.131.135.247,4153,Socks4,Socks4,HTTP/HTTPS
197.245.28.137,5678,Socks4,Socks4,HTTP/HTTPS
34.227.57.135,60090,Socks4,Socks4,HTTP/HTTPS
190.14.155.198,5678,Socks4,Socks4,HTTP/HTTPS
67.213.210.60,55684,Socks4,Socks4,HTTP/HTTPS
207.244.247.188,12811,Socks4,Socks4,HTTP/HTTPS
162.241.44.155,34516,Socks4,Socks4,HTTP/HTTPS
103.115.255.225,36331,Socks4,Socks4,HTTP/HTTPS
185.221.182.119,53739,Socks4,Socks4,HTTP/HTTPS
162.240.217.174,48441,Socks4,Socks4,HTTP/HTTPS
51.89.21.99,35583,Socks4,Socks4,HTTP/HTTPS
152.200.177.162,1080,Socks4,Socks4,HTTP/HTTPS
51.81.12.84,57106,Socks4,Socks4,HTTP/HTTPS
88.255.106.25,1080,Socks4,Socks4,HTTP/HTTPS
118.69.186.65,4153,Socks4,Socks4,HTTP/HTTPS
188.165.239.117,53134,Socks4,Socks4,HTTP/HTTPS
170.210.80.161,4153,Socks4,Socks4,HTTP/HTTPS
213.14.32.76,4153,Socks4,Socks4,HTTP/HTTPS
43.153.102.179,20356,Socks4,Socks4,HTTP/HTTPS
210.245.51.76,4145,Socks4,Socks4,HTTP/HTTPS
177.74.200.69,5678,Socks4,Socks4,HTTP/HTTPS
62.210.122.213,51710,Socks4,Socks4,HTTP/HTTPS
212.83.143.191,57139,Socks4,Socks4,HTTP/HTTPS
212.83.137.94,33976,Socks4,Socks4,HTTP/HTTPS
146.190.53.175,32824,Socks4,Socks4,HTTP/HTTPS
212.83.142.131,13284,Socks4,Socks4,HTTP/HTTPS
185.82.98.73,5678,Socks4,Socks4,HTTP/HTTPS
104.248.158.78,32568,Socks4,Socks4,HTTP/HTTPS
168.232.60.62,5678,Socks4,Socks4,HTTP/HTTPS
193.34.237.241,1080,Socks4,Socks4,HTTP/HTTPS
36.66.170.25,4153,Socks4,Socks4,HTTP/HTTPS
67.213.210.62,43605,Socks4,Socks4,HTTP/HTTPS
213.14.32.78,4153,Socks4,Socks4,HTTP/HTTPS
70.179.247.71,14952,Socks4,Socks4,HTTP/HTTPS
45.61.188.134,44499,Socks4,Socks4,HTTP/HTTPS
103.156.232.85,5678,Socks4,Socks4,HTTP/HTTPS
81.16.9.222,3629,Socks4,Socks4,HTTP/HTTPS
92.86.92.126,42740,Socks4,Socks4,HTTP/HTTPS
138.201.21.218,48146,Socks4,Socks4,HTTP/HTTPS
103.174.178.148,2015,Socks4,Socks4,HTTP/HTTPS
112.78.39.94,4153,Socks4,Socks4,HTTP/HTTPS
5.178.204.235,2082,Socks4,Socks4,HTTP/HTTPS
103.60.138.2,4153,Socks4,Socks4,HTTP/HTTPS
66.23.233.210,28138,Socks4,Socks4,HTTP/HTTPS
117.102.114.2,7890,Socks4,Socks4,HTTP/HTTPS
178.47.140.26,1080,Socks4,Socks4,HTTP/HTTPS
46.160.90.81,5678,Socks4,Socks4,HTTP/HTTPS
45.189.108.161,8899,Socks4,Socks4,HTTP/HTTPS
170.80.91.5,4145,Socks4,Socks4,HTTP/HTTPS
185.158.114.235,39024,Socks4,Socks4,HTTP/HTTPS
45.115.115.42,4153,Socks4,Socks4,HTTP/HTTPS
183.88.240.139,4153,Socks4,Socks4,HTTP/HTTPS
182.53.224.189,4153,Socks4,Socks4,HTTP/HTTPS
107.180.90.88,4756,Socks4,Socks4,HTTP/HTTPS
103.44.15.193,4145,Socks4,Socks4,HTTP/HTTPS
103.127.63.57,5678,Socks4,Socks4,HTTP/HTTPS
117.54.201.90,5678,Socks4,Socks4,HTTP/HTTPS
14.241.203.46,5678,Socks4,Socks4,HTTP/HTTPS
116.118.98.9,5678,Socks4,Socks4,HTTP/HTTPS
162.210.192.135,40048,Socks4,Socks4,HTTP/HTTPS
190.4.205.226,4153,Socks4,Socks4,HTTP/HTTPS
46.29.113.100,1080,Socks4,Socks4,HTTP/HTTPS
190.2.115.33,4153,Socks4,Socks4,HTTP/HTTPS
186.194.234.18,4153,Socks4,Socks4,HTTP/HTTPS
212.31.100.138,4153,Socks4,Socks4,HTTP/HTTPS
103.158.253.33,5678,Socks4,Socks4,HTTP/HTTPS
209.159.153.20,10984,Socks4,Socks4,HTTP/HTTPS
103.146.137.61,1081,Socks4,Socks4,HTTP/HTTPS
46.146.210.123,1080,Socks4,Socks4,HTTP/HTTPS
176.236.163.38,59311,Socks4,Socks4,HTTP/HTTPS
95.128.142.76,1080,Socks4,Socks4,HTTP/HTTPS
162.215.170.237,38325,Socks4,Socks4,HTTP/HTTPS
144.126.215.152,4931,Socks4,Socks4,HTTP/HTTPS
104.236.29.24,2246,Socks4,Socks4,HTTP/HTTPS
183.111.226.207,1080,Socks4,Socks4,HTTP/HTTPS
184.181.217.210,4145,Socks4,Socks4,HTTP/HTTPS
103.144.209.104,3629,Socks4,Socks4,HTTP/HTTPS
74.119.144.60,4145,Socks4,Socks4,HTTP/HTTPS
38.83.108.16,5678,Socks4,Socks4,HTTP/HTTPS
202.163.127.244,5678,Socks4,Socks4,HTTP/HTTPS
212.102.103.134,4153,Socks4,Socks4,HTTP/HTTPS
118.174.14.65,44336,Socks4,Socks4,HTTP/HTTPS
66.29.128.242,48554,Socks4,Socks4,HTTP/HTTPS
176.126.84.126,30001,Socks4,Socks4,HTTP/HTTPS
162.0.220.218,48697,Socks4,Socks4,HTTP/HTTPS
46.209.115.130,2022,Socks4,Socks4,HTTP/HTTPS
162.19.7.46,42320,Socks4,Socks4,HTTP/HTTPS
185.161.186.92,54321,Socks4,Socks4,HTTP/HTTPS
161.97.163.52,61478,Socks4,Socks4,HTTP/HTTPS
103.245.109.131,1088,Socks4,Socks4,HTTP/HTTPS
104.236.171.128,41047,Socks4,Socks4,HTTP/HTTPS
45.56.97.239,60998,Socks4,Socks4,HTTP/HTTPS
43.153.105.204,20356,Socks4,Socks4,HTTP/HTTPS
36.89.85.249,5678,Socks4,Socks4,HTTP/HTTPS
149.62.244.29,4153,Socks4,Socks4,HTTP/HTTPS
103.37.82.134,39873,Socks4,Socks4,HTTP/HTTPS
162.0.220.161,35207,Socks4,Socks4,HTTP/HTTPS
202.40.186.26,1080,Socks4,Socks4,HTTP/HTTPS
213.210.67.186,3629,Socks4,Socks4,HTTP/HTTPS
91.241.131.179,9834,Socks4,Socks4,HTTP/HTTPS
212.231.197.29,4145,Socks4,Socks4,HTTP/HTTPS
115.127.23.138,1088,Socks4,Socks4,HTTP/HTTPS
212.83.138.60,41822,Socks4,Socks4,HTTP/HTTPS
188.164.194.122,3373,Socks4,Socks4,HTTP/HTTPS
31.43.33.55,4153,Socks4,Socks4,HTTP/HTTPS
92.255.190.41,4153,Socks4,Socks4,HTTP/HTTPS
182.253.121.92,4145,Socks4,Socks4,HTTP/HTTPS
136.243.24.130,1080,Socks4,Socks4,HTTP/HTTPS
197.156.240.66,5678,Socks4,Socks4,HTTP/HTTPS
201.184.29.124,4145,Socks4,Socks4,HTTP/HTTPS
159.69.182.28,2025,Socks4,Socks4,HTTP/HTTPS
185.79.241.34,42756,Socks4,Socks4,HTTP/HTTPS
110.74.195.2,4153,Socks4,Socks4,HTTP/HTTPS
178.20.45.29,80,Socks4,Socks4,HTTP/HTTPS
103.166.39.33,3629,Socks4,Socks4,HTTP/HTTPS
27.131.182.50,5678,Socks4,Socks4,HTTP/HTTPS
95.182.78.3,5678,Socks4,Socks4,HTTP/HTTPS
62.201.212.198,4673,Socks4,Socks4,HTTP/HTTPS
95.48.193.246,1080,Socks4,Socks4,HTTP/HTTPS
176.241.82.149,5678,Socks4,Socks4,HTTP/HTTPS
206.220.175.2,4145,Socks4,Socks4,HTTP/HTTPS
203.210.235.91,5678,Socks4,Socks4,HTTP/HTTPS
134.35.21.48,1080,Socks4,Socks4,HTTP/HTTPS
46.164.226.252,1080,Socks4,Socks4,HTTP/HTTPS
195.138.73.54,31145,Socks4,Socks4,HTTP/HTTPS
198.12.253.239,46536,Socks4,Socks4,HTTP/HTTPS
82.114.92.222,4145,Socks4,Socks4,HTTP/HTTPS
103.18.47.79,4145,Socks4,Socks4,HTTP/HTTPS
103.154.53.230,1080,Socks4,Socks4,HTTP/HTTPS
198.46.177.79,1088,Socks4,Socks4,HTTP/HTTPS
168.119.63.139,24765,Socks4,Socks4,HTTP/HTTPS
162.214.162.180,21064,Socks4,Socks4,HTTP/HTTPS
45.187.76.2,3629,Socks4,Socks4,HTTP/HTTPS
103.179.124.226,1080,Socks4,Socks4,HTTP/HTTPS
141.105.107.152,5678,Socks4,Socks4,HTTP/HTTPS
91.211.177.33,3629,Socks4,Socks4,HTTP/HTTPS
68.71.247.130,4145,Socks4,Socks4,HTTP/HTTPS
72.206.181.105,64935,Socks4,Socks4,HTTP/HTTPS
202.162.219.10,1080,Socks4,Socks4,HTTP/HTTPS
181.13.198.90,4153,Socks4,Socks4,HTTP/HTTPS
121.200.60.198,8010,Socks4,Socks4,HTTP/HTTPS
58.75.126.235,4145,Socks4,Socks4,HTTP/HTTPS
62.73.127.98,9898,Socks4,Socks4,HTTP/HTTPS
190.153.121.2,4145,Socks4,Socks4,HTTP/HTTPS
162.240.209.96,59949,Socks4,Socks4,HTTP/HTTPS
41.70.12.54,5678,Socks4,Socks4,HTTP/HTTPS
43.229.73.231,42948,Socks4,Socks4,HTTP/HTTPS
121.200.60.122,4153,Socks4,Socks4,HTTP/HTTPS
67.213.210.118,16519,Socks4,Socks4,HTTP/HTTPS
152.228.134.212,15380,Socks4,Socks4,HTTP/HTTPS
98.175.31.195,4145,Socks4,Socks4,HTTP/HTTPS
43.153.50.106,20356,Socks4,Socks4,HTTP/HTTPS
175.100.47.191,5678,Socks4,Socks4,HTTP/HTTPS
162.241.79.22,46187,Socks4,Socks4,HTTP/HTTPS
43.153.23.221,20356,Socks4,Socks4,HTTP/HTTPS
200.85.169.221,1080,Socks4,Socks4,HTTP/HTTPS
103.102.142.98,4145,Socks4,Socks4,HTTP/HTTPS
181.236.221.138,4145,Socks4,Socks4,HTTP/HTTPS
176.118.52.129,3629,Socks4,Socks4,HTTP/HTTPS
217.145.199.47,56746,Socks4,Socks4,HTTP/HTTPS
38.133.200.94,31596,Socks4,Socks4,HTTP/HTTPS
64.202.186.2,23568,Socks4,Socks4,HTTP/HTTPS
46.98.200.67,5678,Socks4,Socks4,HTTP/HTTPS
202.137.17.151,5678,Socks4,Socks4,HTTP/HTTPS
165.227.196.37,54940,Socks4,Socks4,HTTP/HTTPS
202.40.186.66,1088,Socks4,Socks4,HTTP/HTTPS
64.202.185.19,1535,Socks4,Socks4,HTTP/HTTPS
104.238.100.115,45314,Socks4,Socks4,HTTP/HTTPS
138.94.28.234,40658,Socks4,Socks4,HTTP/HTTPS
195.164.138.34,1080,Socks4,Socks4,HTTP/HTTPS
185.228.112.241,4153,Socks4,Socks4,HTTP/HTTPS
84.52.123.163,4145,Socks4,Socks4,HTTP/HTTPS
176.197.144.158,4153,Socks4,Socks4,HTTP/HTTPS
103.23.102.129,4145,Socks4,Socks4,HTTP/HTTPS
121.200.63.26,10801,Socks4,Socks4,HTTP/HTTPS
190.145.182.3,4153,Socks4,Socks4,HTTP/HTTPS
184.181.217.206,4145,Socks4,Socks4,HTTP/HTTPS
162.241.129.84,37170,Socks4,Socks4,HTTP/HTTPS
1.9.27.215,4153,Socks4,Socks4,HTTP/HTTPS
46.107.230.122,1080,Socks4,Socks4,HTTP/HTTPS
36.64.40.173,5678,Socks4,Socks4,HTTP/HTTPS
86.110.189.118,42539,Socks4,Socks4,HTTP/HTTPS
193.203.203.21,12334,Socks4,Socks4,HTTP/HTTPS
27.131.168.137,5678,Socks4,Socks4,HTTP/HTTPS
184.178.172.5,15303,Socks4,Socks4,HTTP/HTTPS
207.55.240.100,56011,Socks4,Socks4,HTTP/HTTPS
86.110.189.154,4145,Socks4,Socks4,HTTP/HTTPS
72.214.108.67,4145,Socks4,Socks4,HTTP/HTTPS
43.153.82.144,20356,Socks4,Socks4,HTTP/HTTPS
50.199.46.20,32100,Socks4,Socks4,HTTP/HTTPS
103.134.180.10,4153,Socks4,Socks4,HTTP/HTTPS
82.204.198.28,1080,Socks4,Socks4,HTTP/HTTPS
87.116.144.229,4153,Socks4,Socks4,HTTP/HTTPS
168.227.150.51,4145,Socks4,Socks4,HTTP/HTTPS
192.111.139.165,4145,Socks4,Socks4,HTTP/HTTPS
178.72.90.70,5678,Socks4,Socks4,HTTP/HTTPS
200.105.192.6,5678,Socks4,Socks4,HTTP/HTTPS
72.217.211.3,4145,Socks4,Socks4,HTTP/HTTPS
92.205.110.47,40137,Socks4,Socks4,HTTP/HTTPS
43.153.60.4,20356,Socks4,Socks4,HTTP/HTTPS
45.65.233.226,4145,Socks4,Socks4,HTTP/HTTPS
81.17.94.50,47163,Socks4,Socks4,HTTP/HTTPS
181.48.243.194,4153,Socks4,Socks4,HTTP/HTTPS
162.241.43.120,80,elite proxy,elite proxy,HTTP/HTTPS
192.73.244.36,80,elite proxy,elite proxy,HTTP/HTTPS
198.49.68.80,80,elite proxy,elite proxy,HTTP/HTTPS
50.173.182.90,80,anonymous,anonymous,HTTP/HTTPS
50.230.222.202,80,anonymous,anonymous,HTTP/HTTPS
50.223.239.185,80,anonymous,anonymous,HTTP/HTTPS
50.172.75.127,80,anonymous,anonymous,HTTP/HTTPS
50.223.239.167,80,anonymous,anonymous,HTTP/HTTPS
50.168.72.116,80,anonymous,anonymous,HTTP/HTTPS
82.180.139.155,80,elite proxy,elite proxy,HTTP/HTTPS
50.144.166.226,80,anonymous,anonymous,HTTP/HTTPS
50.222.245.44,80,anonymous,anonymous,HTTP/HTTPS
50.231.172.74,80,anonymous,anonymous,HTTP/HTTPS
50.171.122.30,80,anonymous,anonymous,HTTP/HTTPS
50.223.246.237,80,anonymous,anonymous,HTTP/HTTPS
50.223.239.175,80,anonymous,anonymous,HTTP/HTTPS
50.222.245.40,80,anonymous,anonymous,HTTP/HTTPS
50.223.239.177,80,anonymous,anonymous,HTTP/HTTPS
50.222.245.41,80,anonymous,anonymous,HTTP/HTTPS
50.222.245.50,80,anonymous,anonymous,HTTP/HTTPS
50.168.72.122,80,anonymous,anonymous,HTTP/HTTPS
50.171.187.50,80,anonymous,anonymous,HTTP/HTTPS
50.223.239.168,80,anonymous,anonymous,HTTP/HTTPS
50.223.239.194,80,anonymous,anonymous,HTTP/HTTPS
50.223.239.161,80,anonymous,anonymous,HTTP/HTTPS
50.144.168.74,80,anonymous,anonymous,HTTP/HTTPS
50.222.245.45,80,anonymous,anonymous,HTTP/HTTPS
50.171.177.124,80,anonymous,anonymous,HTTP/HTTPS
50.169.135.10,80,anonymous,anonymous,HTTP/HTTPS
89.116.191.51,80,elite proxy,elite proxy,HTTP/HTTPS
159.65.245.255,80,elite proxy,elite proxy,HTTP/HTTPS
50.207.199.86,80,anonymous,anonymous,HTTP/HTTPS
50.175.212.66,80,anonymous,anonymous,HTTP/HTTPS
50.223.246.226,80,anonymous,anonymous,HTTP/HTTPS
50.168.163.176,80,anonymous,anonymous,HTTP/HTTPS
50.174.145.10,80,anonymous,anonymous,HTTP/HTTPS
50.175.212.74,80,anonymous,anonymous,HTTP/HTTPS
50.169.37.50,80,anonymous,anonymous,HTTP/HTTPS
50.174.145.15,80,anonymous,anonymous,HTTP/HTTPS
50.172.75.120,80,anonymous,anonymous,HTTP/HTTPS
50.175.212.72,80,anonymous,anonymous,HTTP/HTTPS
50.172.75.121,80,anonymous,anonymous,HTTP/HTTPS
66.191.31.158,80,anonymous,anonymous,HTTP/HTTPS
50.172.75.125,80,anonymous,anonymous,HTTP/HTTPS
50.223.38.6,80,anonymous,anonymous,HTTP/HTTPS
50.174.145.13,80,anonymous,anonymous,HTTP/HTTPS
50.221.230.186,80,anonymous,anonymous,HTTP/HTTPS
50.172.75.123,80,anonymous,anonymous,HTTP/HTTPS
50.222.245.47,80,anonymous,anonymous,HTTP/HTTPS
50.174.145.12,80,anonymous,anonymous,HTTP/HTTPS
54.67.125.45,3128,elite proxy,elite proxy,HTTP/HTTPS
3.212.148.199,3128,elite proxy,elite proxy,HTTP/HTTPS
50.174.7.153,80,anonymous,anonymous,HTTP/HTTPS
50.168.163.179,80,anonymous,anonymous,HTTP/HTTPS
50.174.7.154,80,anonymous,anonymous,HTTP/HTTPS
50.231.110.26,80,anonymous,anonymous,HTTP/HTTPS
50.168.72.117,80,anonymous,anonymous,HTTP/HTTPS
50.174.7.157,80,anonymous,anonymous,HTTP/HTTPS
50.239.72.18,80,anonymous,anonymous,HTTP/HTTPS
50.217.226.43,80,anonymous,anonymous,HTTP/HTTPS
50.207.199.84,80,anonymous,anonymous,HTTP/HTTPS
50.221.74.130,80,anonymous,anonymous,HTTP/HTTPS
50.168.72.118,80,anonymous,anonymous,HTTP/HTTPS
50.168.72.114,80,anonymous,anonymous,HTTP/HTTPS
50.168.163.183,80,anonymous,anonymous,HTTP/HTTPS
172.183.241.1,8080,elite proxy,elite proxy,HTTP/HTTPS
50.168.72.113,80,anonymous,anonymous,HTTP/HTTPS
50.207.199.87,80,anonymous,anonymous,HTTP/HTTPS
50.217.226.40,80,anonymous,anonymous,HTTP/HTTPS
50.168.72.115,80,anonymous,anonymous,HTTP/HTTPS
50.168.163.181,80,anonymous,anonymous,HTTP/HTTPS
50.239.72.16,80,anonymous,anonymous,HTTP/HTTPS
50.202.75.26,80,anonymous,anonymous,HTTP/HTTPS
50.174.7.155,80,anonymous,anonymous,HTTP/HTTPS
50.218.204.103,80,anonymous,anonymous,HTTP/HTTPS
50.175.212.76,80,anonymous,anonymous,HTTP/HTTPS
24.205.201.186,80,anonymous,anonymous,HTTP/HTTPS
50.174.7.159,80,anonymous,anonymous,HTTP/HTTPS
20.232.75.110,8888,transparent,transparent,HTTP/HTTPS
167.99.236.14,80,elite proxy,elite proxy,HTTP/HTTPS
50.175.212.77,80,anonymous,anonymous,HTTP/HTTPS
50.223.239.190,80,anonymous,anonymous,HTTP/HTTPS
50.223.239.183,80,anonymous,anonymous,HTTP/HTTPS
50.223.239.166,80,anonymous,anonymous,HTTP/HTTPS
50.217.226.41,80,anonymous,anonymous,HTTP/HTTPS
198.44.255.5,80,anonymous,anonymous,HTTP/HTTPS
50.168.72.112,80,anonymous,anonymous,HTTP/HTTPS
50.222.245.43,80,anonymous,anonymous,HTTP/HTTPS
50.174.7.158,80,anonymous,anonymous,HTTP/HTTPS
50.174.145.14,80,anonymous,anonymous,HTTP/HTTPS
50.168.163.182,80,anonymous,anonymous,HTTP/HTTPS
50.232.104.86,80,anonymous,anonymous,HTTP/HTTPS
50.217.226.44,80,anonymous,anonymous,HTTP/HTTPS
50.223.239.191,80,anonymous,anonymous,HTTP/HTTPS
50.172.75.124,80,anonymous,anonymous,HTTP/HTTPS
50.174.145.9,80,anonymous,anonymous,HTTP/HTTPS
50.168.72.119,80,anonymous,anonymous,HTTP/HTTPS
50.172.39.98,80,anonymous,anonymous,HTTP/HTTPS
50.175.212.79,80,anonymous,anonymous,HTTP/HTTPS
50.172.75.126,80,anonymous,anonymous,HTTP/HTTPS
68.185.57.66,80,anonymous,anonymous,HTTP/HTTPS
50.174.7.156,80,anonymous,anonymous,HTTP/HTTPS
50.168.163.180,80,anonymous,anonymous,HTTP/HTTPS
50.168.163.178,80,anonymous,anonymous,HTTP/HTTPS
50.168.163.177,80,anonymous,anonymous,HTTP/HTTPS
50.217.226.47,80,anonymous,anonymous,HTTP/HTTPS
216.137.184.253,80,elite proxy,elite proxy,HTTP/HTTPS
35.185.196.38,3128,anonymous,anonymous,HTTP/HTTPS
50.207.199.82,80,anonymous,anonymous,HTTP/HTTPS
50.207.199.83,80,anonymous,anonymous,HTTP/HTTPS
50.168.163.166,80,anonymous,anonymous,HTTP/HTTPS
50.217.226.46,80,anonymous,anonymous,HTTP/HTTPS
50.168.7.250,80,anonymous,anonymous,HTTP/HTTPS
50.145.24.176,80,anonymous,anonymous,HTTP/HTTPS
50.145.24.186,80,anonymous,anonymous,HTTP/HTTPS
50.217.226.42,80,anonymous,anonymous,HTTP/HTTPS
50.145.24.181,80,anonymous,anonymous,HTTP/HTTPS
198.199.86.11,8080,anonymous,anonymous,HTTP/HTTPS
50.28.7.107,80,elite proxy,elite proxy,HTTP/HTTPS
162.214.165.203,80,elite proxy,elite proxy,HTTP/HTTPS
138.68.235.51,80,elite proxy,elite proxy,HTTP/HTTPS
165.227.0.192,80,elite proxy,elite proxy,HTTP/HTTPS
167.99.124.118,80,anonymous,anonymous,HTTP/HTTPS
23.254.231.55,80,elite proxy,elite proxy,HTTP/HTTPS
50.237.207.186,80,anonymous,anonymous,HTTP/HTTPS
137.184.100.135,80,elite proxy,elite proxy,HTTP/HTTPS
13.59.156.167,3128,elite proxy,elite proxy,HTTP/HTTPS
50.217.226.45,80,anonymous,anonymous,HTTP/HTTPS
50.207.199.81,80,anonymous,anonymous,HTTP/HTTPS
143.110.232.177,80,elite proxy,elite proxy,HTTP/HTTPS
104.45.128.122,80,elite proxy,elite proxy,HTTP/HTTPS
34.23.45.223,80,elite proxy,elite proxy,HTTP/HTTPS
13.56.163.250,3128,elite proxy,elite proxy,HTTP/HTTPS
35.225.16.82,2387,transparent,transparent,HTTP/HTTPS
64.62.200.198,3128,transparent,transparent,HTTP/HTTPS
159.65.244.233,80,elite proxy,elite proxy,HTTP/HTTPS
167.99.174.59,80,elite proxy,elite proxy,HTTP/HTTPS
50.222.245.42,80,anonymous,anonymous,HTTP/HTTPS
50.223.239.160,80,anonymous,anonymous,HTTP/HTTPS
50.222.245.46,80,anonymous,anonymous,HTTP/HTTPS
50.172.75.122,80,anonymous,anonymous,HTTP/HTTPS
50.174.145.11,80,anonymous,anonymous,HTTP/HTTPS
149.81.6.202,8080,anonymous,anonymous,HTTP/HTTPS
50.239.72.17,80,anonymous,anonymous,HTTP/HTTPS
50.174.7.152,80,anonymous,anonymous,HTTP/HTTPS
50.174.145.8,80,anonymous,anonymous,HTTP/HTTPS
50.223.239.165,80,anonymous,anonymous,HTTP/HTTPS
50.223.239.173,80,anonymous,anonymous,HTTP/HTTPS
159.223.136.87,3128,transparent,transparent,HTTP/HTTPS
143.198.226.25,80,elite proxy,elite proxy,HTTP/HTTPS
50.171.187.51,80,anonymous,anonymous,HTTP/HTTPS
13.56.192.187,80,elite proxy,elite proxy,HTTP/HTTPS
12.186.205.120,80,anonymous,anonymous,HTTP/HTTPS
12.186.205.121,80,anonymous,anonymous,HTTP/HTTPS
50.239.72.19,80,anonymous,anonymous,HTTP/HTTPS
185.217.143.96,80,anonymous,anonymous,HTTP/HTTPS
50.174.7.162,80,anonymous,anonymous,HTTP/HTTPS
155.94.241.130,3128,anonymous,anonymous,HTTP/HTTPS
137.184.121.54,80,elite proxy,elite proxy,HTTP/HTTPS
162.223.94.166,80,anonymous,anonymous,HTTP/HTTPS
202.165.72.230,6254,transparent,transparent,HTTP/HTTPS
192.186.176.253,8303,transparent,transparent,HTTP/HTTPS
198.12.112.87,5098,transparent,transparent,HTTP/HTTPS
156.239.48.213,3128,transparent,transparent,HTTP/HTTPS
156.239.53.224,3128,transparent,transparent,HTTP/HTTPS
156.239.52.221,3128,transparent,transparent,HTTP/HTTPS
156.239.50.58,3128,transparent,transparent,HTTP/HTTPS
104.164.183.186,3128,transparent,transparent,HTTP/HTTPS
104.164.183.181,3128,transparent,transparent,HTTP/HTTPS
166.88.238.64,6044,transparent,transparent,HTTP/HTTPS
104.165.127.247,3128,transparent,transparent,HTTP/HTTPS
156.239.53.225,3128,transparent,transparent,HTTP/HTTPS
45.94.135.15,4262,transparent,transparent,HTTP/HTTPS
23.247.101.30,6769,transparent,transparent,HTTP/HTTPS
156.239.52.172,3128,transparent,transparent,HTTP/HTTPS
202.165.78.167,5858,transparent,transparent,HTTP/HTTPS
190.92.166.254,4510,transparent,transparent,HTTP/HTTPS
104.164.183.202,3128,transparent,transparent,HTTP/HTTPS
139.64.196.164,5539,transparent,transparent,HTTP/HTTPS
202.165.72.17,5896,transparent,transparent,HTTP/HTTPS
156.239.48.158,3128,transparent,transparent,HTTP/HTTPS
104.238.37.139,6696,transparent,transparent,HTTP/HTTPS
107.172.156.229,5877,transparent,transparent,HTTP/HTTPS
104.164.183.118,3128,transparent,transparent,HTTP/HTTPS
23.247.101.223,6962,transparent,transparent,HTTP/HTTPS
104.165.127.15,3128,transparent,transparent,HTTP/HTTPS
104.165.169.42,3128,transparent,transparent,HTTP/HTTPS
198.23.239.231,6637,transparent,transparent,HTTP/HTTPS
156.239.52.180,3128,transparent,transparent,HTTP/HTTPS
193.36.172.135,6218,transparent,transparent,HTTP/HTTPS
192.186.176.237,8287,transparent,transparent,HTTP/HTTPS
198.37.98.210,5740,transparent,transparent,HTTP/HTTPS
104.164.183.37,3128,transparent,transparent,HTTP/HTTPS
198.46.161.100,5150,transparent,transparent,HTTP/HTTPS
156.239.53.153,3128,transparent,transparent,HTTP/HTTPS
156.239.50.199,3128,transparent,transparent,HTTP/HTTPS
156.239.48.86,3128,transparent,transparent,HTTP/HTTPS
104.165.127.38,3128,transparent,transparent,HTTP/HTTPS
104.165.127.78,3128,transparent,transparent,HTTP/HTTPS
192.186.172.124,9124,transparent,transparent,HTTP/HTTPS
159.65.84.243,443,anonymous,anonymous,HTTP/HTTPS
51.89.73.162,80,elite proxy,elite proxy,HTTP/HTTPS
51.75.206.209,80,elite proxy,elite proxy,HTTP/HTTPS
104.239.105.30,6560,transparent,transparent,HTTP/HTTPS
104.143.252.34,5648,transparent,transparent,HTTP/HTTPS
104.239.105.88,6618,transparent,transparent,HTTP/HTTPS
104.143.250.199,5831,transparent,transparent,HTTP/HTTPS
217.112.80.252,80,anonymous,anonymous,HTTP/HTTPS
104.238.10.203,6149,transparent,transparent,HTTP/HTTPS
104.239.106.139,5784,transparent,transparent,HTTP/HTTPS
104.239.104.250,6474,transparent,transparent,HTTP/HTTPS
104.143.251.55,6317,transparent,transparent,HTTP/HTTPS
45.43.167.37,6219,transparent,transparent,HTTP/HTTPS
104.143.250.88,5720,transparent,transparent,HTTP/HTTPS
45.43.167.180,6362,transparent,transparent,HTTP/HTTPS
104.143.252.92,5706,transparent,transparent,HTTP/HTTPS
216.173.120.241,6533,transparent,transparent,HTTP/HTTPS
104.239.80.190,5768,transparent,transparent,HTTP/HTTPS
104.238.10.189,6135,transparent,transparent,HTTP/HTTPS
104.238.10.130,6076,transparent,transparent,HTTP/HTTPS
104.239.104.97,6321,transparent,transparent,HTTP/HTTPS
45.43.167.9,6191,transparent,transparent,HTTP/HTTPS
216.173.120.37,6329,transparent,transparent,HTTP/HTTPS
104.143.251.244,6506,transparent,transparent,HTTP/HTTPS
104.143.251.110,6372,transparent,transparent,HTTP/HTTPS
104.143.250.18,5650,transparent,transparent,HTTP/HTTPS
104.239.78.119,6064,transparent,transparent,HTTP/HTTPS
216.173.76.180,6807,transparent,transparent,HTTP/HTTPS
216.173.76.155,6782,transparent,transparent,HTTP/HTTPS
104.239.78.101,6046,transparent,transparent,HTTP/HTTPS
104.143.252.65,5679,transparent,transparent,HTTP/HTTPS
216.173.76.188,6815,transparent,transparent,HTTP/HTTPS
104.143.250.121,5753,transparent,transparent,HTTP/HTTPS
104.239.80.229,5807,transparent,transparent,HTTP/HTTPS
104.143.250.15,5647,transparent,transparent,HTTP/HTTPS
104.239.106.208,5853,transparent,transparent,HTTP/HTTPS
104.239.104.131,6355,transparent,transparent,HTTP/HTTPS
104.238.10.204,6150,transparent,transparent,HTTP/HTTPS
104.239.104.202,6426,transparent,transparent,HTTP/HTTPS
104.239.106.77,5722,transparent,transparent,HTTP/HTTPS
104.143.248.230,6840,transparent,transparent,HTTP/HTTPS
104.239.78.137,6082,transparent,transparent,HTTP/HTTPS
104.233.26.242,6080,transparent,transparent,HTTP/HTTPS
104.233.26.239,6077,transparent,transparent,HTTP/HTTPS
38.60.196.242,3128,transparent,transparent,HTTP/HTTPS
104.143.252.64,5678,transparent,transparent,HTTP/HTTPS
45.43.167.44,6226,transparent,transparent,HTTP/HTTPS
104.233.26.23,5861,transparent,transparent,HTTP/HTTPS
104.239.104.108,6332,transparent,transparent,HTTP/HTTPS
104.143.252.75,5689,transparent,transparent,HTTP/HTTPS
104.233.13.119,6114,transparent,transparent,HTTP/HTTPS
104.143.248.157,6767,transparent,transparent,HTTP/HTTPS
104.239.104.140,6364,transparent,transparent,HTTP/HTTPS
104.143.251.64,6326,transparent,transparent,HTTP/HTTPS
104.143.248.139,6749,transparent,transparent,HTTP/HTTPS
216.173.120.19,6311,transparent,transparent,HTTP/HTTPS
104.143.250.59,5691,transparent,transparent,HTTP/HTTPS
104.239.104.113,6337,transparent,transparent,HTTP/HTTPS
104.143.248.175,6785,transparent,transparent,HTTP/HTTPS
104.143.251.14,6276,transparent,transparent,HTTP/HTTPS
104.239.104.38,6262,transparent,transparent,HTTP/HTTPS
104.233.12.235,6786,transparent,transparent,HTTP/HTTPS
216.173.120.23,6315,transparent,transparent,HTTP/HTTPS
45.43.167.179,6361,transparent,transparent,HTTP/HTTPS
104.143.250.61,5693,transparent,transparent,HTTP/HTTPS
104.239.106.224,5869,transparent,transparent,HTTP/HTTPS
104.239.80.91,5669,transparent,transparent,HTTP/HTTPS
104.239.78.28,5973,transparent,transparent,HTTP/HTTPS
104.233.13.52,6047,transparent,transparent,HTTP/HTTPS
104.143.250.171,5803,transparent,transparent,HTTP/HTTPS
104.238.10.75,6021,transparent,transparent,HTTP/HTTPS
104.239.78.11,5956,transparent,transparent,HTTP/HTTPS
104.238.10.31,5977,transparent,transparent,HTTP/HTTPS
216.173.120.193,6485,transparent,transparent,HTTP/HTTPS
104.239.78.174,6119,transparent,transparent,HTTP/HTTPS
104.239.105.236,6766,transparent,transparent,HTTP/HTTPS
104.239.106.216,5861,transparent,transparent,HTTP/HTTPS
104.143.250.221,5853,transparent,transparent,HTTP/HTTPS
45.43.167.118,6300,transparent,transparent,HTTP/HTTPS
104.233.13.48,6043,transparent,transparent,HTTP/HTTPS
104.239.105.252,6782,transparent,transparent,HTTP/HTTPS
104.143.250.208,5840,transparent,transparent,HTTP/HTTPS
104.239.80.83,5661,transparent,transparent,HTTP/HTTPS
104.143.252.82,5696,transparent,transparent,HTTP/HTTPS
104.143.250.30,5662,transparent,transparent,HTTP/HTTPS
104.233.13.252,6247,transparent,transparent,HTTP/HTTPS
104.239.106.16,5661,transparent,transparent,HTTP/HTTPS
216.173.76.99,6726,transparent,transparent,HTTP/HTTPS
104.239.80.50,5628,transparent,transparent,HTTP/HTTPS
104.143.250.83,5715,transparent,transparent,HTTP/HTTPS
104.233.13.32,6027,transparent,transparent,HTTP/HTTPS
104.233.12.10,6561,transparent,transparent,HTTP/HTTPS
104.239.80.27,5605,transparent,transparent,HTTP/HTTPS
104.143.251.139,6401,transparent,transparent,HTTP/HTTPS
104.239.105.111,6641,transparent,transparent,HTTP/HTTPS
45.43.167.135,6317,transparent,transparent,HTTP/HTTPS
104.233.13.10,6005,transparent,transparent,HTTP/HTTPS
104.143.250.28,5660,transparent,transparent,HTTP/HTTPS
216.173.120.21,6313,transparent,transparent,HTTP/HTTPS
45.43.167.3,6185,transparent,transparent,HTTP/HTTPS
20.44.189.184,3129,anonymous,anonymous,HTTP/HTTPS
189.240.60.163,9090,elite proxy,elite proxy,HTTP/HTTPS
13.59.156.167,3128,elite proxy,elite proxy,HTTP/HTTPS
35.185.196.38,3128,anonymous,anonymous,HTTP/HTTPS
13.56.163.250,3128,elite proxy,elite proxy,HTTP/HTTPS
13.212.148.192,48540,elite proxy,elite proxy,HTTP/HTTPS
43.134.1.40,3128,anonymous,anonymous,HTTP/HTTPS
43.153.208.148,3128,anonymous,anonymous,HTTP/HTTPS
67.43.236.20,5833,elite proxy,elite proxy,HTTP/HTTPS
43.134.33.254,3128,anonymous,anonymous,HTTP/HTTPS
8.219.97.248,80,anonymous,anonymous,HTTP/HTTPS
43.134.68.153,3128,anonymous,anonymous,HTTP/HTTPS
43.153.237.252,3128,anonymous,anonymous,HTTP/HTTPS
209.15.117.148,80,elite proxy,elite proxy,HTTP/HTTPS
221.140.235.237,5002,elite proxy,elite proxy,HTTP/HTTPS
43.133.59.220,3128,anonymous,anonymous,HTTP/HTTPS
20.44.188.17,3129,anonymous,anonymous,HTTP/HTTPS
149.81.6.202,8080,anonymous,anonymous,HTTP/HTTPS
18.228.198.164,80,elite proxy,elite proxy,HTTP/HTTPS
43.153.207.93,3128,anonymous,anonymous,HTTP/HTTPS
129.226.193.16,3128,anonymous,anonymous,HTTP/HTTPS
185.105.230.45,3128,elite proxy,elite proxy,HTTP/HTTPS
99.80.11.54,3128,elite proxy,elite proxy,HTTP/HTTPS
43.134.229.98,3128,anonymous,anonymous,HTTP/HTTPS
52.16.232.164,3128,elite proxy,elite proxy,HTTP/HTTPS
20.204.212.76,3129,anonymous,anonymous,HTTP/HTTPS
20.204.212.45,3129,anonymous,anonymous,HTTP/HTTPS
52.67.10.183,80,elite proxy,elite proxy,HTTP/HTTPS
61.97.191.101,9070,anonymous,anonymous,HTTP/HTTPS
43.134.121.40,3128,anonymous,anonymous,HTTP/HTTPS
203.205.9.105,8080,anonymous,anonymous,HTTP/HTTPS
54.179.44.51,3128,elite proxy,elite proxy,HTTP/HTTPS
43.134.32.184,3128,anonymous,anonymous,HTTP/HTTPS
51.145.176.250,8080,anonymous,anonymous,HTTP/HTTPS
80.66.81.43,4000,elite proxy,elite proxy,HTTP/HTTPS
189.240.60.166,9090,elite proxy,elite proxy,HTTP/HTTPS
178.128.113.118,23128,anonymous,anonymous,HTTP/HTTPS
67.43.236.22,18891,elite proxy,elite proxy,HTTP/HTTPS
67.43.228.251,2081,elite proxy,elite proxy,HTTP/HTTPS
54.67.125.45,3128,elite proxy,elite proxy,HTTP/HTTPS
3.127.62.252,80,elite proxy,elite proxy,HTTP/HTTPS
35.72.118.126,80,elite proxy,elite proxy,HTTP/HTTPS
3.123.150.192,3128,elite proxy,elite proxy,HTTP/HTTPS
18.185.169.150,3128,elite proxy,elite proxy,HTTP/HTTPS
221.140.235.236,5002,elite proxy,elite proxy,HTTP/HTTPS
13.38.176.104,3128,elite proxy,elite proxy,HTTP/HTTPS
72.10.160.173,3985,elite proxy,elite proxy,HTTP/HTTPS
67.43.227.227,17629,elite proxy,elite proxy,HTTP/HTTPS
87.247.186.40,1080,elite proxy,elite proxy,HTTP/HTTPS
171.251.92.87,5407,elite proxy,elite proxy,HTTP/HTTPS
20.27.86.185,8080,anonymous,anonymous,HTTP/HTTPS
72.10.160.91,17137,elite proxy,elite proxy,HTTP/HTTPS
72.10.160.171,24049,elite proxy,elite proxy,HTTP/HTTPS
148.72.165.71,30127,elite proxy,elite proxy,HTTP/HTTPS
13.56.192.187,80,elite proxy,elite proxy,HTTP/HTTPS
72.10.160.94,3901,elite proxy,elite proxy,HTTP/HTTPS
34.92.250.88,11111,elite proxy,elite proxy,HTTP/HTTPS
172.183.241.1,8080,elite proxy,elite proxy,HTTP/HTTPS
20.204.214.23,3129,anonymous,anonymous,HTTP/HTTPS
15.236.106.236,3128,elite proxy,elite proxy,HTTP/HTTPS
72.10.160.170,33147,elite proxy,elite proxy,HTTP/HTTPS
72.10.160.93,27385,elite proxy,elite proxy,HTTP/HTTPS
20.219.176.57,3129,anonymous,anonymous,HTTP/HTTPS
67.43.236.21,8873,elite proxy,elite proxy,HTTP/HTTPS
72.10.160.90,20931,elite proxy,elite proxy,HTTP/HTTPS
188.247.194.210,3128,elite proxy,elite proxy,HTTP/HTTPS
20.44.190.150,3129,anonymous,anonymous,HTTP/HTTPS
67.43.227.230,5097,elite proxy,elite proxy,HTTP/HTTPS
3.212.148.199,3128,elite proxy,elite proxy,HTTP/HTTPS
67.43.228.252,3187,elite proxy,elite proxy,HTTP/HTTPS
102.209.56.21,80,elite proxy,elite proxy,HTTP/HTTPS
80.66.81.26,4000,elite proxy,elite proxy,HTTP/HTTPS
50.28.7.107,80,elite proxy,elite proxy,HTTP/HTTPS
203.189.88.156,80,anonymous,anonymous,HTTP/HTTPS
185.217.136.67,1337,anonymous,anonymous,HTTP/HTTPS
154.236.179.229,1981,anonymous,anonymous,HTTP/HTTPS
139.28.232.216,8899,elite proxy,elite proxy,HTTP/HTTPS
114.6.27.84,8520,elite proxy,elite proxy,HTTP/HTTPS
72.10.160.92,27103,elite proxy,elite proxy,HTTP/HTTPS
203.209.80.44,3128,elite proxy,elite proxy,HTTP/HTTPS
180.88.100.7,3128,anonymous,anonymous,HTTP/HTTPS
189.240.60.164,9090,elite proxy,elite proxy,HTTP/HTTPS
198.199.70.20,31028,anonymous,anonymous,HTTP/HTTPS
67.43.236.19,2167,elite proxy,elite proxy,HTTP/HTTPS
72.10.160.174,21013,elite proxy,elite proxy,HTTP/HTTPS
185.132.125.4,24099,elite proxy,elite proxy,HTTP/HTTPS
67.43.228.250,32897,elite proxy,elite proxy,HTTP/HTTPS
114.129.2.82,8081,elite proxy,elite proxy,HTTP/HTTPS
195.201.34.206,80,elite proxy,elite proxy,HTTP/HTTPS
208.87.130.154,80,elite proxy,elite proxy,HTTP/HTTPS
13.37.89.201,3128,elite proxy,elite proxy,HTTP/HTTPS
41.65.251.47,1981,elite proxy,elite proxy,HTTP/HTTPS
18.193.127.110,3128,elite proxy,elite proxy,HTTP/HTTPS
3.12.144.146,3128,elite proxy,elite proxy,HTTP/HTTPS
18.223.25.15,80,elite proxy,elite proxy,HTTP/HTTPS
3.21.101.158,3128,elite proxy,elite proxy,HTTP/HTTPS
52.73.224.54,3128,elite proxy,elite proxy,HTTP/HTTPS
44.195.247.145,80,elite proxy,elite proxy,HTTP/HTTPS
3.37.125.76,3128,elite proxy,elite proxy,HTTP/HTTPS
200.25.254.193,54240,elite proxy,elite proxy,HTTP/HTTPS
161.35.70.249,3128,anonymous,anonymous,HTTP/HTTPS
67.43.228.254,10909,elite proxy,elite proxy,HTTP/HTTPS
47.56.110.204,8989,anonymous,anonymous,HTTP/HTTPS
47.242.47.64,8888,anonymous,anonymous,HTTP/HTTPS
198.199.86.11,8080,anonymous,anonymous,HTTP/HTTPS
50.28.7.107,80,elite proxy,elite proxy,HTTP/HTTPS
50.230.222.202,80,anonymous,anonymous,HTTP/HTTPS
50.222.245.43,80,anonymous,anonymous,HTTP/HTTPS
50.174.7.157,80,anonymous,anonymous,HTTP/HTTPS
61.97.191.101,9070,anonymous,anonymous,HTTP/HTTPS
50.222.245.45,80,anonymous,anonymous,HTTP/HTTPS
129.226.193.16,3128,anonymous,anonymous,HTTP/HTTPS
50.207.199.86,80,anonymous,anonymous,HTTP/HTTPS
50.168.163.179,80,anonymous,anonymous,HTTP/HTTPS
50.168.163.176,80,anonymous,anonymous,HTTP/HTTPS
35.185.196.38,3128,anonymous,anonymous,HTTP/HTTPS
50.202.75.26,80,anonymous,anonymous,HTTP/HTTPS
50.168.72.112,80,anonymous,anonymous,HTTP/HTTPS
50.223.239.191,80,anonymous,anonymous,HTTP/HTTPS
82.180.139.155,80,elite proxy,elite proxy,HTTP/HTTPS
103.127.1.130,80,anonymous,anonymous,HTTP/HTTPS
50.174.7.155,80,anonymous,anonymous,HTTP/HTTPS
43.134.33.254,3128,anonymous,anonymous,HTTP/HTTPS
192.73.244.36,80,elite proxy,elite proxy,HTTP/HTTPS
13.212.148.192,48540,elite proxy,elite proxy,HTTP/HTTPS
50.175.212.77,80,anonymous,anonymous,HTTP/HTTPS
50.223.239.183,80,anonymous,anonymous,HTTP/HTTPS
162.214.165.203,80,elite proxy,elite proxy,HTTP/HTTPS
138.68.235.51,80,elite proxy,elite proxy,HTTP/HTTPS
54.67.125.45,3128,elite proxy,elite proxy,HTTP/HTTPS
50.144.168.74,80,anonymous,anonymous,HTTP/HTTPS
50.217.226.42,80,anonymous,anonymous,HTTP/HTTPS
50.171.122.30,80,anonymous,anonymous,HTTP/HTTPS
3.123.150.192,3128,elite proxy,elite proxy,HTTP/HTTPS
43.134.1.40,3128,anonymous,anonymous,HTTP/HTTPS
198.44.255.5,80,anonymous,anonymous,HTTP/HTTPS
50.217.226.44,80,anonymous,anonymous,HTTP/HTTPS
54.179.44.51,3128,elite proxy,elite proxy,HTTP/HTTPS
50.174.7.158,80,anonymous,anonymous,HTTP/HTTPS
50.172.75.126,80,anonymous,anonymous,HTTP/HTTPS
178.128.113.118,23128,anonymous,anonymous,HTTP/HTTPS
50.168.163.182,80,anonymous,anonymous,HTTP/HTTPS
43.153.207.93,3128,anonymous,anonymous,HTTP/HTTPS
50.174.145.9,80,anonymous,anonymous,HTTP/HTTPS
50.207.199.83,80,anonymous,anonymous,HTTP/HTTPS
13.59.156.167,3128,elite proxy,elite proxy,HTTP/HTTPS
50.168.163.177,80,anonymous,anonymous,HTTP/HTTPS
52.67.10.183,80,elite proxy,elite proxy,HTTP/HTTPS
50.172.75.127,80,anonymous,anonymous,HTTP/HTTPS
116.203.49.36,80,elite proxy,elite proxy,HTTP/HTTPS
216.137.184.253,80,elite proxy,elite proxy,HTTP/HTTPS
50.173.182.90,80,anonymous,anonymous,HTTP/HTTPS
50.217.226.45,80,anonymous,anonymous,HTTP/HTTPS
137.184.100.135,80,elite proxy,elite proxy,HTTP/HTTPS
50.223.239.167,80,anonymous,anonymous,HTTP/HTTPS
156.67.214.232,80,elite proxy,elite proxy,HTTP/HTTPS
50.174.145.14,80,anonymous,anonymous,HTTP/HTTPS
50.217.226.46,80,anonymous,anonymous,HTTP/HTTPS
80.228.235.6,80,anonymous,anonymous,HTTP/HTTPS
50.207.199.82,80,anonymous,anonymous,HTTP/HTTPS
50.217.226.40,80,anonymous,anonymous,HTTP/HTTPS
20.210.113.32,8123,elite proxy,elite proxy,HTTP/HTTPS
202.61.204.51,80,elite proxy,elite proxy,HTTP/HTTPS
50.217.226.43,80,anonymous,anonymous,HTTP/HTTPS
103.163.51.254,80,anonymous,anonymous,HTTP/HTTPS
50.168.163.166,80,anonymous,anonymous,HTTP/HTTPS
50.231.172.74,80,anonymous,anonymous,HTTP/HTTPS
50.168.163.180,80,anonymous,anonymous,HTTP/HTTPS
196.223.129.21,80,elite proxy,elite proxy,HTTP/HTTPS
50.223.239.190,80,anonymous,anonymous,HTTP/HTTPS
179.96.28.58,80,elite proxy,elite proxy,HTTP/HTTPS
188.132.209.245,80,anonymous,anonymous,HTTP/HTTPS
13.56.163.250,3128,elite proxy,elite proxy,HTTP/HTTPS
50.172.75.123,80,anonymous,anonymous,HTTP/HTTPS
34.23.45.223,80,elite proxy,elite proxy,HTTP/HTTPS
50.175.212.79,80,anonymous,anonymous,HTTP/HTTPS
23.254.231.55,80,elite proxy,elite proxy,HTTP/HTTPS
104.45.128.122,80,elite proxy,elite proxy,HTTP/HTTPS
50.223.239.175,80,anonymous,anonymous,HTTP/HTTPS
178.128.200.87,80,elite proxy,elite proxy,HTTP/HTTPS
50.174.7.156,80,anonymous,anonymous,HTTP/HTTPS
198.49.68.80,80,elite proxy,elite proxy,HTTP/HTTPS
165.227.0.192,80,elite proxy,elite proxy,HTTP/HTTPS
50.172.75.121,80,anonymous,anonymous,HTTP/HTTPS
143.110.232.177,80,elite proxy,elite proxy,HTTP/HTTPS
162.241.43.120,80,elite proxy,elite proxy,HTTP/HTTPS
167.99.124.118,80,anonymous,anonymous,HTTP/HTTPS
50.207.199.81,80,anonymous,anonymous,HTTP/HTTPS
20.193.154.130,8888,anonymous,anonymous,HTTP/HTTPS
82.119.96.254,80,anonymous,anonymous,HTTP/HTTPS
68.185.57.66,80,anonymous,anonymous,HTTP/HTTPS
43.134.229.98,3128,anonymous,anonymous,HTTP/HTTPS
211.128.96.206,80,anonymous,anonymous,HTTP/HTTPS
191.101.80.162,80,anonymous,anonymous,HTTP/HTTPS
50.237.207.186,80,anonymous,anonymous,HTTP/HTTPS
50.223.246.237,80,anonymous,anonymous,HTTP/HTTPS
50.221.74.130,80,anonymous,anonymous,HTTP/HTTPS
50.175.212.76,80,anonymous,anonymous,HTTP/HTTPS
50.145.24.186,80,anonymous,anonymous,HTTP/HTTPS
50.174.145.13,80,anonymous,anonymous,HTTP/HTTPS
176.113.73.104,3128,United States of America,unknown,unknown
176.113.73.99,3128,United States of America,unknown,unknown
67.205.190.164,8080,United States of America,unknown,unknown
46.21.153.16,3128,United States of America,unknown,unknown
84.17.35.129,3128,United States of America,unknown,unknown
104.248.59.38,80,United States of America,unknown,unknown
12.156.45.155,3128,United States of America,unknown,unknown
176.113.73.102,3128,United States of America,unknown,unknown
142.11.222.22,80,United States of America,unknown,unknown
107.178.9.186,8080,United States of America,unknown,unknown
34.29.41.58,3128,United States of America,unknown,unknown
137.184.197.190,80,United States of America,unknown,unknown
174.126.217.110,80,United States of America,unknown,unknown
38.51.49.84,999,United States of America,unknown,unknown
143.42.194.37,3128,United States of America,unknown,unknown
66.63.168.119,8000,United States of America,unknown,unknown
52.41.249.10,80,United States of America,unknown,unknown
67.22.28.62,8080,United States of America,unknown,unknown
8.242.178.5,999,United States of America,unknown,unknown
43.153.66.118,80,United States of America,unknown,unknown
3.128.142.113,80,United States of America,unknown,unknown
108.161.128.43,80,United States of America,unknown,unknown
24.172.34.114,49920,United States of America,unknown,unknown
155.50.208.37,3128,United States of America,unknown,unknown
64.225.4.63,9993,United States of America,unknown,unknown
155.50.241.99,3128,United States of America,unknown,unknown
34.135.166.24,80,United States of America,unknown,unknown
34.75.202.63,80,United States of America,unknown,unknown
209.145.60.213,80,United States of America,unknown,unknown
159.203.104.153,8200,United States of America,unknown,unknown
50.113.36.155,8080,United States of America,unknown,unknown
162.144.236.128,80,United States of America,unknown,unknown
155.50.213.149,3128,United States of America,unknown,unknown
45.61.187.67,4009,United States of America,unknown,unknown
3.143.37.255,80,United States of America,unknown,unknown
184.72.36.89,80,United States of America,unknown,unknown
24.230.33.96,3128,United States of America,unknown,unknown
142.147.114.50,8080,United States of America,unknown,unknown
52.24.80.166,80,United States of America,unknown,unknown
155.50.215.37,3128,United States of America,unknown,unknown
109.122.195.16,80,United States of America,unknown,unknown
157.230.226.230,1202,United States of America,unknown,unknown
167.99.174.59,80,United States of America,unknown,unknown
191.101.1.116,80,United States of America,unknown,unknown
192.81.128.182,8089,United States of America,unknown,unknown
68.183.143.134,80,United States of America,unknown,unknown
38.56.70.97,999,United States of America,unknown,unknown
37.120.222.132,3128,Germany,unknown,unknown
89.249.65.191,3128,Germany,unknown,unknown
144.91.118.176,3128,Germany,unknown,unknown
85.214.94.28,3128,Germany,unknown,unknown
167.172.109.12,39452,Germany,unknown,unknown
95.111.226.235,3128,Germany,unknown,unknown
167.172.109.12,40825,Germany,unknown,unknown
185.189.112.157,3128,Germany,unknown,unknown
185.189.112.133,3128,Germany,unknown,unknown
85.214.244.174,3128,Germany,unknown,unknown
167.172.109.12,41491,Germany,unknown,unknown
167.172.109.12,39533,Germany,unknown,unknown
167.172.109.12,46249,Germany,unknown,unknown
88.99.10.252,1080,Germany,unknown,unknown
167.172.109.12,37355,Germany,unknown,unknown
82.165.105.48,80,Germany,unknown,unknown
144.91.106.93,3128,Germany,unknown,unknown
188.34.164.99,8080,Germany,unknown,unknown
46.101.102.134,3128,Germany,unknown,unknown
116.203.27.109,80,Germany,unknown,unknown
207.180.250.238,80,Germany,unknown,unknown
88.99.148.60,8111,Germany,unknown,unknown
141.147.33.121,80,Germany,unknown,unknown
46.101.160.223,80,Germany,unknown,unknown
207.180.252.117,2222,Germany,unknown,unknown
78.47.103.89,8080,Germany,unknown,unknown
18.195.164.53,7777,Germany,unknown,unknown
159.69.214.139,3128,Germany,unknown,unknown
206.189.130.107,8080,India,unknown,unknown
15.207.196.77,3128,India,unknown,unknown
103.76.253.66,3129,India,unknown,unknown
103.174.102.127,80,India,unknown,unknown
103.155.54.26,83,India,unknown,unknown
103.51.21.250,83,India,unknown,unknown
103.78.170.13,83,India,unknown,unknown
182.72.203.246,80,India,unknown,unknown
103.125.154.233,8080,India,unknown,unknown
103.243.114.206,8080,India,unknown,unknown
103.134.165.38,8080,India,unknown,unknown
59.92.70.176,3127,India,unknown,unknown
103.242.119.88,80,India,unknown,unknown
103.206.208.135,55443,India,unknown,unknown
103.180.73.107,8080,India,unknown,unknown
103.160.207.49,32650,India,unknown,unknown
103.82.157.102,8080,India,unknown,unknown
13.229.107.106,80,Singapore,unknown,unknown
13.229.47.109,80,Singapore,unknown,unknown
119.81.71.27,80,Singapore,unknown,unknown
119.81.71.27,8123,Singapore,unknown,unknown
193.56.255.179,3128,Singapore,unknown,unknown
139.180.140.254,1080,Singapore,unknown,unknown
104.248.146.99,3128,Singapore,unknown,unknown
18.141.177.23,80,Singapore,unknown,unknown
193.56.255.181,3128,Singapore,unknown,unknown
188.166.252.135,8080,Singapore,unknown,unknown
34.87.103.220,80,Singapore,unknown,unknown
34.126.187.77,80,Singapore,unknown,unknown
165.154.236.214,80,Singapore,unknown,unknown
51.79.249.186,3128,Singapore,unknown,unknown
18.142.81.218,80,Singapore,unknown,unknown
156.67.217.159,80,Singapore,unknown,unknown
79.122.230.20,8080,Russian Federation,unknown,unknown
46.160.129.189,3128,Russian Federation,unknown,unknown
85.172.0.30,8080,Russian Federation,unknown,unknown
194.186.35.70,3128,Russian Federation,unknown,unknown
185.174.137.30,3128,Russian Federation,unknown,unknown
92.255.205.129,8080,Russian Federation,unknown,unknown
91.213.249.200,80,Russian Federation,unknown,unknown
82.146.37.145,80,Russian Federation,unknown,unknown
77.91.74.77,80,Russian Federation,unknown,unknown
94.26.241.120,8080,Russian Federation,unknown,unknown
194.186.127.60,80,Russian Federation,unknown,unknown
77.233.5.68,55443,Russian Federation,unknown,unknown
85.235.184.186,3129,Russian Federation,unknown,unknown
46.0.203.186,8080,Russian Federation,unknown,unknown
90.154.124.211,8080,Russian Federation,unknown,unknown
149.126.101.162,8080,Russian Federation,unknown,unknown
51.158.68.133,8811,France,unknown,unknown
51.158.68.68,8811,France,unknown,unknown
159.8.114.37,80,France,unknown,unknown
35.180.188.216,80,France,unknown,unknown
51.158.172.165,8811,France,unknown,unknown
159.8.114.37,8123,France,unknown,unknown
146.59.243.214,80,France,unknown,unknown
31.207.38.66,80,France,unknown,unknown
46.105.35.193,8080,France,unknown,unknown
81.250.223.126,80,France,unknown,unknown
51.159.134.210,3128,France,unknown,unknown
54.36.81.217,8080,France,unknown,unknown
5.135.136.60,9090,France,unknown,unknown
51.178.165.36,3128,France,unknown,unknown
37.187.88.32,8001,France,unknown,unknown
119.81.189.194,80,Hong Kong,unknown,unknown
119.81.189.194,8123,Hong Kong,unknown,unknown
193.239.86.249,3128,Hong Kong,unknown,unknown
193.239.86.247,3128,Hong Kong,unknown,unknown
193.239.86.248,3128,Hong Kong,unknown,unknown
43.132.184.228,8181,Hong Kong,unknown,unknown
202.162.105.202,8000,Hong Kong,unknown,unknown
20.187.77.5,80,Hong Kong,unknown,unknown
165.154.224.14,80,Hong Kong,unknown,unknown
223.18.60.191,8080,Hong Kong,unknown,unknown
202.162.105.202,80,Hong Kong,unknown,unknown
103.234.55.173,80,Hong Kong,unknown,unknown
123.202.159.108,80,Hong Kong,unknown,unknown
20.205.115.87,8080,Hong Kong,unknown,unknown
119.237.43.106,80,Hong Kong,unknown,unknown
222.129.38.21,57114,China,unknown,unknown
106.45.221.168,3256,China,unknown,unknown
113.121.240.114,3256,China,unknown,unknown
121.206.205.75,4216,China,unknown,unknown
115.221.242.131,9999,China,unknown,unknown
125.87.82.86,3256,China,unknown,unknown
183.164.254.8,4216,China,unknown,unknown
116.242.89.230,3128,China,unknown,unknown
119.84.215.127,3256,China,unknown,unknown
113.195.224.222,9999,China,unknown,unknown
112.98.218.73,57658,China,unknown,unknown
223.113.89.138,1080,China,unknown,unknown
36.7.252.165,3256,China,unknown,unknown
113.100.209.184,3128,China,unknown,unknown
43.251.119.79,45787,China,unknown,unknown
37.120.133.137,3128,United Kingdom of Great Britain and Northern Ireland,unknown,unknown
84.17.51.235,3128,United Kingdom of Great Britain and Northern Ireland,unknown,unknown
84.17.51.241,3128,United Kingdom of Great Britain and Northern Ireland,unknown,unknown
84.17.51.240,3128,United Kingdom of Great Britain and Northern Ireland,unknown,unknown
109.111.212.78,8080,United Kingdom of Great Britain and Northern Ireland,unknown,unknown
143.198.241.47,80,United Kingdom of Great Britain and Northern Ireland,unknown,unknown
178.128.172.154,3128,United Kingdom of Great Britain and Northern Ireland,unknown,unknown
134.209.189.42,80,United Kingdom of Great Britain and Northern Ireland,unknown,unknown
209.250.230.101,9090,United Kingdom of Great Britain and Northern Ireland,unknown,unknown
213.171.214.19,8001,United Kingdom of Great Britain and Northern Ireland,unknown,unknown
46.101.19.131,80,United Kingdom of Great Britain and Northern Ireland,unknown,unknown
80.194.38.106,3333,United Kingdom of Great Britain and Northern Ireland,unknown,unknown
92.207.253.226,38157,United Kingdom of Great Britain and Northern Ireland,unknown,unknown
141.136.42.164,80,United Kingdom of Great Britain and Northern Ireland,unknown,unknown
81.12.119.171,8080,Iran, Islamic Republic of,unknown,unknown
217.172.122.14,8080,Iran, Islamic Republic of,unknown,unknown
5.78.89.192,8080,Iran, Islamic Republic of,unknown,unknown
45.159.150.23,3128,Iran, Islamic Republic of,unknown,unknown
217.219.74.130,8888,Iran, Islamic Republic of,unknown,unknown
5.78.44.6,8080,Iran, Islamic Republic of,unknown,unknown
91.107.203.75,8080,Iran, Islamic Republic of,unknown,unknown
193.176.242.186,80,Iran, Islamic Republic of,unknown,unknown
89.43.10.141,80,Iran, Islamic Republic of,unknown,unknown
31.214.171.62,3128,Iran, Islamic Republic of,unknown,unknown
185.118.155.202,8080,Iran, Islamic Republic of,unknown,unknown
46.209.54.102,8080,Iran, Islamic Republic of,unknown,unknown
84.241.8.234,8080,Iran, Islamic Republic of,unknown,unknown
152.231.25.114,8080,Colombia,unknown,unknown
201.182.251.142,999,Colombia,unknown,unknown
181.57.131.122,8080,Colombia,unknown,unknown
190.69.157.213,999,Colombia,unknown,unknown
179.1.192.17,999,Colombia,unknown,unknown
179.1.133.33,999,Colombia,unknown,unknown
170.239.207.241,999,Colombia,unknown,unknown
181.129.43.3,8080,Colombia,unknown,unknown
177.93.44.53,999,Colombia,unknown,unknown
190.71.24.129,999,Colombia,unknown,unknown
186.159.6.163,1994,Colombia,unknown,unknown
201.219.201.14,999,Colombia,unknown,unknown
181.205.41.210,7654,Colombia,unknown,unknown
180.183.97.16,8080,Thailand,unknown,unknown
14.207.24.176,8080,Thailand,unknown,unknown
180.180.218.250,8080,Thailand,unknown,unknown
1.179.148.9,55636,Thailand,unknown,unknown
183.88.184.48,8080,Thailand,unknown,unknown
125.25.40.41,32650,Thailand,unknown,unknown
1.2.252.65,8080,Thailand,unknown,unknown
183.89.41.224,8080,Thailand,unknown,unknown
181.212.45.226,8080,Chile,unknown,unknown
181.74.81.195,999,Chile,unknown,unknown
181.212.41.171,999,Chile,unknown,unknown
186.103.130.91,8080,Chile,unknown,unknown
146.83.118.9,80,Chile,unknown,unknown
190.110.99.189,999,Chile,unknown,unknown
45.225.184.177,999,Chile,unknown,unknown
200.54.194.13,53281,Chile,unknown,unknown
161.202.226.194,8123,Japan,unknown,unknown
103.151.41.7,80,Japan,unknown,unknown
163.44.253.160,80,Japan,unknown,unknown
140.83.32.175,80,Japan,unknown,unknown
150.230.207.167,80,Japan,unknown,unknown
103.42.28.27,45787,Japan,unknown,unknown
150.230.59.34,8080,Japan,unknown,unknown
190.111.209.207,3128,Argentina,unknown,unknown
45.238.12.4,3128,Argentina,unknown,unknown
143.202.97.171,999,Argentina,unknown,unknown
168.90.255.60,999,Argentina,unknown,unknown
190.136.50.67,3128,Argentina,unknown,unknown
170.210.121.190,8080,Argentina,unknown,unknown
200.106.184.97,999,Argentina,unknown,unknown
188.166.30.17,8888,Netherlands,unknown,unknown
79.110.52.252,3128,Netherlands,unknown,unknown
94.100.18.111,3128,Netherlands,unknown,unknown
178.62.229.28,3128,Netherlands,unknown,unknown
84.241.188.138,8111,Netherlands,unknown,unknown
45.90.104.150,9090,Netherlands,unknown,unknown
95.216.17.79,3888,Finland,unknown,unknown
95.217.104.21,24815,Finland,unknown,unknown
95.217.195.146,9999,Finland,unknown,unknown
95.216.230.239,80,Finland,unknown,unknown
95.217.137.46,8080,Finland,unknown,unknown
65.21.131.27,80,Finland,unknown,unknown
185.123.101.174,3128,T√ºrkiye,unknown,unknown
94.231.192.97,8080,T√ºrkiye,unknown,unknown
81.161.236.152,8080,T√ºrkiye,unknown,unknown
88.255.102.123,8080,T√ºrkiye,unknown,unknown
78.188.81.57,8080,T√ºrkiye,unknown,unknown
185.200.37.98,8080,T√ºrkiye,unknown,unknown
203.243.63.16,80,Korea, Republic of,unknown,unknown
13.209.156.241,80,Korea, Republic of,unknown,unknown
121.139.218.165,31409,Korea, Republic of,unknown,unknown
52.79.107.158,8080,Korea, Republic of,unknown,unknown
61.111.38.5,80,Korea, Republic of,unknown,unknown
125.141.151.83,80,Korea, Republic of,unknown,unknown
102.216.69.176,8080,Kenya,unknown,unknown
154.79.254.236,32650,Kenya,unknown,unknown
102.0.0.118,80,Kenya,unknown,unknown
196.202.210.73,32650,Kenya,unknown,unknown
197.232.36.85,41890,Kenya,unknown,unknown
41.217.223.145,32650,Kenya,unknown,unknown
154.239.9.94,8080,Egypt,unknown,unknown
41.65.160.171,1981,Egypt,unknown,unknown
41.65.55.10,1976,Egypt,unknown,unknown
41.33.66.228,1981,Egypt,unknown,unknown
195.246.54.31,8080,Egypt,unknown,unknown
156.200.116.71,1981,Egypt,unknown,unknown
190.238.231.65,1994,Peru,unknown,unknown
181.65.169.35,999,Peru,unknown,unknown
190.116.2.52,80,Peru,unknown,unknown
201.218.144.18,999,Peru,unknown,unknown
190.187.201.26,8080,Peru,unknown,unknown
201.218.144.19,999,Peru,unknown,unknown
119.93.129.34,80,Philippines,unknown,unknown
143.44.191.108,8080,Philippines,unknown,unknown
122.52.196.36,8080,Philippines,unknown,unknown
58.69.201.117,8082,Philippines,unknown,unknown
112.205.92.14,8080,Philippines,unknown,unknown
187.141.184.235,8080,Mexico,unknown,unknown
45.188.166.52,1994,Mexico,unknown,unknown
45.231.221.193,999,Mexico,unknown,unknown
189.250.135.40,80,Mexico,unknown,unknown
177.229.210.50,8080,Mexico,unknown,unknown
159.89.113.155,8080,Canada,unknown,unknown
64.56.150.102,3128,Canada,unknown,unknown
172.105.107.223,3128,Canada,unknown,unknown
51.222.155.142,80,Canada,unknown,unknown
190.113.40.202,999,Dominican Republic,unknown,unknown
201.229.250.21,8080,Dominican Republic,unknown,unknown
45.229.34.174,999,Dominican Republic,unknown,unknown
190.89.37.73,999,Dominican Republic,unknown,unknown
185.123.143.251,3128,Romania,unknown,unknown
185.123.143.247,3128,Romania,unknown,unknown
37.120.140.158,3128,Romania,unknown,unknown
191.97.16.160,999,Venezuela, Bolivarian Republic of,unknown,unknown
201.249.152.172,999,Venezuela, Bolivarian Republic of,unknown,unknown
191.97.19.66,999,Venezuela, Bolivarian Republic of,unknown,unknown
102.38.17.193,8080,Libya,unknown,unknown
41.254.53.70,1981,Libya,unknown,unknown
102.38.22.121,8080,Libya,unknown,unknown
85.221.249.213,8080,Poland,unknown,unknown
194.31.53.250,80,Poland,unknown,unknown
153.19.91.77,80,Poland,unknown,unknown
43.255.113.232,84,Cambodia,unknown,unknown
203.189.150.48,8080,Cambodia,unknown,unknown
103.216.51.36,32650,Cambodia,unknown,unknown
200.24.130.138,999,Ecuador,unknown,unknown
157.100.6.202,999,Ecuador,unknown,unknown
181.39.27.225,1994,Ecuador,unknown,unknown
45.235.123.45,999,Paraguay,unknown,unknown
190.128.241.102,80,Paraguay,unknown,unknown
181.120.28.228,80,Paraguay,unknown,unknown
118.99.108.4,8080,Indonesia,unknown,unknown
103.114.53.2,8080,Indonesia,unknown,unknown
169.57.157.148,80,Brazil,unknown,unknown
169.57.157.146,8123,Brazil,unknown,unknown
3.24.178.81,80,Australia,unknown,unknown
3.24.58.156,3128,Australia,unknown,unknown
185.236.203.208,3128,Denmark,unknown,unknown
146.70.80.76,80,Denmark,unknown,unknown
185.236.202.205,3128,Austria,unknown,unknown
185.236.202.170,3128,Austria,unknown,unknown
193.34.95.110,8080,Ukraine,unknown,unknown
92.118.132.125,8080,Ukraine,unknown,unknown
103.28.121.58,3128,Bangladesh,unknown,unknown
103.28.121.58,80,Bangladesh,unknown,unknown
185.38.111.1,8080,Czechia,unknown,unknown
212.192.31.37,3128,Czechia,unknown,unknown
190.5.77.211,80,Honduras,unknown,unknown
200.52.148.10,999,Honduras,unknown,unknown
139.5.73.71,8080,Nepal,unknown,unknown
103.153.232.41,8080,Nepal,unknown,unknown
103.176.179.84,3128,Viet Nam,unknown,unknown
222.255.238.159,80,Viet Nam,unknown,unknown
36.229.100.73,80,Taiwan, Province of China,unknown,unknown
61.216.156.222,60808,Taiwan, Province of China,unknown,unknown
81.94.255.13,8080,Hungary,unknown,unknown
85.238.74.91,8080,Hungary,unknown,unknown
151.22.181.205,8080,Italy,unknown,unknown
156.54.240.53,3128,Italy,unknown,unknown
81.44.83.70,8080,Spain,unknown,unknown
41.204.63.118,80,Ghana,unknown,unknown
190.61.88.147,8080,Guatemala,unknown,unknown
103.137.91.250,8080,Lao People's Democratic Republic,unknown,unknown
41.86.46.112,8080,Seychelles,unknown,unknown
213.6.155.9,19000,Palestine, State of,unknown,unknown
41.86.252.91,443,Benin,unknown,unknown
16.170.1.8,80,Sweden,unknown,unknown
154.72.90.74,8081,Tanzania, United Republic of,unknown,unknown
200.108.197.2,8080,Uruguay,unknown,unknown
154.113.121.60,80,Nigeria,unknown,unknown
41.77.188.131,80,Guinea,unknown,unknown
190.186.237.103,80,Bolivia, Plurinational State of,unknown,unknown
196.1.95.124,80,Senegal,unknown,unknown
175.139.179.65,42580,Malaysia,unknown,unknown
134.19.254.2,21231,Georgia,unknown,unknown
122.129.84.12,8080,Pakistan,unknown,unknown
103.102.85.1,8080,,unknown,unknown
80.91.125.238,8089,Albania,unknown,unknown
102.39.68.76,8080,South Africa,unknown,unknown
177.86.64.1,3629,Brazil,elite,socks4
91.222.94.248,5678,Austria,elite,socks4
103.207.98.82,41238,Indonesia,elite,socks4
168.253.196.6,5678,South Africa,elite,socks4
111.72.198.123,8989,China,elite,socks4
157.245.62.1,9050,Singapore,elite,socks4
103.51.44.253,4145,Indonesia,elite,socks4
186.126.17.219,1080,Argentina,elite,socks5
190.0.15.18,5678,Colombia,elite,socks4
187.189.81.144,4153,Mexico,elite,socks4
46.34.174.103,8090,Iran, Islamic Republic of,elite,socks4
103.113.3.236,4145,Indonesia,elite,socks4
103.199.97.9,39825,India,elite,socks4
124.106.234.215,5678,Philippines,elite,socks4
118.173.230.149,1080,Thailand,elite,socks4
202.148.22.106,5678,Indonesia,elite,socks4
45.116.114.45,5678,India,elite,socks4
212.42.113.240,37545,Kyrgyzstan,elite,socks4
93.182.76.244,5678,T√ºrkiye,elite,socks4
50.234.24.129,32100,United States of America,elite,socks4
79.141.160.83,15160,United States of America,elite,socks4
142.54.239.1,4145,United States of America,elite,socks4
203.24.102.74,80,Virgin Islands, British,elite,socks4
166.62.36.126,45982,United States of America,elite,socks4
67.205.162.56,10605,United States of America,elite,socks4
41.160.23.114,4153,South Africa,elite,socks4
203.205.34.58,5678,Viet Nam,elite,socks4
45.14.224.32,28145,Netherlands,elite,socks4
182.139.200.125,1080,China,elite,socks5
82.97.201.52,5678,Russian Federation,elite,socks4
175.101.18.21,5678,India,elite,socks4
187.35.107.176,4153,Brazil,elite,socks4
154.79.246.18,9898,Kenya,elite,socks4
134.195.90.170,18939,United States of America,elite,socks4
177.38.5.215,4153,Brazil,elite,socks4
165.227.139.174,53913,Germany,elite,socks5
179.60.243.38,48699,Colombia,elite,socks4
185.32.44.1,4153,Azerbaijan,elite,socks4
171.248.210.165,1080,Viet Nam,elite,socks4
198.89.91.90,5678,Kazakhstan,elite,socks4
222.129.37.88,57114,China,elite,socks4
80.191.46.60,1080,Iran, Islamic Republic of,elite,socks4
45.125.222.125,47239,Bangladesh,elite,socks4
104.197.84.43,80,United States of America,elite,socks5
203.80.190.162,8080,Bangladesh,elite,socks4
110.78.146.190,4145,Thailand,elite,socks4
103.204.54.50,1080,India,elite,socks4
117.54.12.7,5678,Indonesia,elite,socks4
79.132.200.122,4145,Iran, Islamic Republic of,elite,socks4
8.219.149.62,443,Singapore,elite,socks5
64.92.125.43,58373,United States of America,elite,socks4
166.0.235.135,47560,United States of America,elite,socks4
123.233.245.158,9443,China,elite,http
143.198.229.225,3240,United States of America,elite,socks4
115.127.23.138,1088,Bangladesh,elite,socks4
75.119.203.166,32238,United States of America,elite,socks5
132.148.244.30,37320,United States of America,elite,socks4
47.113.221.120,7777,China,elite,socks5
172.245.27.129,3128,United States of America,elite,socks4
178.49.234.94,5678,Russian Federation,elite,socks4
103.214.156.32,5678,Bangladesh,elite,socks4
178.158.197.147,3629,Ukraine,elite,socks4
70.60.230.65,9292,United States of America,elite,socks4
37.187.143.172,47016,France,elite,socks5
103.245.205.142,35158,Bangladesh,elite,socks4
103.120.49.99,8080,Australia,elite,socks4
194.87.140.161,1080,India,elite,socks4
110.78.147.184,8080,Thailand,elite,socks5
93.90.212.2,4153,Russian Federation,elite,socks4
62.201.252.158,5678,Iraq,elite,socks4
27.239.65.23,8085,Korea, Republic of,elite,socks4
103.87.212.15,4153,Bangladesh,elite,socks4
164.132.162.92,57468,France,elite,socks4
103.97.94.22,4153,India,elite,socks4
110.185.101.177,51800,China,elite,socks4
177.131.29.208,4153,Brazil,elite,socks4
192.162.232.15,1080,Ukraine,elite,socks4
177.155.130.97,5678,Brazil,elite,socks4
157.185.173.217,26589,Canada,elite,socks5
121.200.63.26,10801,Bangladesh,elite,socks4
45.112.125.61,4145,Indonesia,elite,socks4
192.119.203.124,48678,United States of America,elite,socks4
81.170.248.182,39880,Sweden,elite,socks5
192.111.134.10,4145,United States of America,elite,socks4
51.83.116.4,50333,France,elite,socks4
50.96.204.5,18351,United States of America,elite,socks4
184.178.172.5,15303,United States of America,elite,socks4
193.106.73.102,41883,Russian Federation,elite,socks4
213.171.44.86,3629,Russian Federation,elite,socks4
109.238.208.138,51372,Czechia,elite,socks4
185.142.53.153,10092,France,elite,http
130.193.126.244,5678,Armenia,elite,socks4
174.77.111.197,4145,United States of America,elite,socks4
72.10.160.170,26453,Canada,elite,http
105.27.199.218,5678,South Africa,elite,socks4
174.136.57.169,30453,United States of America,elite,socks5
45.234.100.102,1080,Brazil,elite,socks4
138.97.0.53,4145,Brazil,elite,socks4
202.150.1.87,80,Cambodia,elite,socks4
162.144.83.73,60468,United States of America,elite,socks5
161.35.229.155,61658,United States of America,elite,socks5
98.126.214.156,17880,United States of America,elite,socks5
106.52.65.104,1080,China,elite,socks4
186.226.171.94,1080,Brazil,elite,socks4
157.230.36.225,7497,Singapore,elite,socks5
34.110.150.54,3128,United States of America,elite,socks5
104.18.161.122,80,Canada,elite,socks5
82.117.215.98,3629,Serbia,elite,socks4
202.53.174.22,1080,Bangladesh,elite,socks4
43.157.53.107,443,Germany,elite,socks5
51.79.87.144,30464,Canada,elite,socks4
121.147.3.119,56452,Korea, Republic of,elite,socks5
172.67.3.98,80,Canada,elite,socks4
108.179.219.56,61483,United States of America,elite,socks4
82.204.198.28,1080,Russian Federation,elite,socks4
45.126.21.75,5678,India,elite,socks4
190.103.29.101,4145,Venezuela, Bolivarian Republic of,elite,socks4
103.9.188.138,52269,Cambodia,elite,socks4
104.21.194.182,80,Canada,elite,socks5
178.128.148.69,3128,United States of America,elite,socks4
177.70.66.49,4145,Brazil,elite,socks4
51.195.209.238,1080,United Kingdom of Great Britain and Northern Ireland,elite,socks5
103.209.204.141,5678,Palestine, State of,elite,socks4
1.0.0.13,80,Australia,elite,socks4
45.125.222.97,47239,Bangladesh,elite,socks4
138.68.21.132,56178,United States of America,elite,socks4
95.182.78.6,5678,Ukraine,elite,socks4
188.133.160.22,4145,Russian Federation,elite,socks4
75.119.206.48,15745,United States of America,elite,socks4
79.101.45.94,56921,Serbia,elite,socks4
91.201.240.84,5678,Ukraine,elite,socks4
43.134.167.51,443,Singapore,elite,socks5
65.49.82.7,21324,United States of America,elite,socks4
175.173.221.229,28643,China,elite,socks4
45.70.206.40,4145,Brazil,elite,socks4
155.133.83.253,58351,Germany,elite,socks4
187.44.211.118,4153,Brazil,elite,socks4
185.171.54.29,4153,Iran, Islamic Republic of,elite,socks4
45.224.164.128,5678,Brazil,elite,socks4
103.105.40.241,4145,India,elite,socks4
103.140.74.200,5678,Indonesia,elite,socks4
185.132.1.221,4145,Ukraine,elite,socks4
202.40.186.157,4145,Bangladesh,elite,socks4
103.47.93.217,1080,India,elite,socks4
137.184.133.124,6870,United States of America,elite,socks4
110.139.125.237,4145,Indonesia,elite,socks4
171.39.31.66,5678,China,elite,socks4
103.199.158.97,41610,India,elite,socks4
190.181.23.10,4153,Bolivia, Plurinational State of,elite,socks4
5.135.137.13,59124,France,elite,socks4
211.174.100.111,4153,Korea, Republic of,elite,socks4
165.225.216.80,10605,United States of America,elite,socks4
217.21.148.50,33192,Albania,elite,socks4
202.124.33.165,5678,Cambodia,elite,socks4
179.109.193.228,4153,Brazil,elite,socks4
104.25.234.81,80,Canada,elite,socks5
177.38.5.45,4153,Brazil,elite,socks4
161.97.66.104,14109,Germany,elite,socks4
51.68.39.62,58347,France,elite,socks5
91.135.80.66,33427,Latvia,elite,socks5
154.66.108.32,3629,Lesotho,elite,socks4
139.170.229.78,7080,China,elite,socks5
110.78.151.213,4145,Thailand,elite,socks4
41.174.152.29,12391,Congo, Democratic Republic of the,elite,socks4
128.199.104.190,41354,Singapore,elite,socks4
167.99.80.74,8080,United Kingdom of Great Britain and Northern Ireland,elite,socks4
177.131.29.214,4153,Brazil,elite,socks4
162.247.243.29,80,United States of America,elite,socks4
144.91.68.111,15476,Germany,elite,socks4
185.26.32.93,5678,Iran, Islamic Republic of,elite,socks4
60.223.244.119,10800,China,elite,socks4
217.115.115.148,56792,Ireland,elite,socks4
1.2.209.194,4145,Thailand,elite,socks4
65.21.131.87,23992,Finland,elite,socks5
185.32.4.98,4153,Poland,elite,socks4
51.38.177.96,7497,France,elite,socks5
5.252.179.222,32109,Russian Federation,elite,socks5
84.156.34.49,26601,Germany,elite,socks4
67.213.212.52,48930,United States of America,elite,socks5
110.34.166.184,4153,Singapore,elite,socks4
80.85.98.110,5678,Malta,elite,socks4
171.234.64.234,80,Viet Nam,elite,socks4
97.64.70.2,16099,United States of America,transparent,http
47.242.244.23,1080,Hong Kong,elite,socks4
137.184.102.16,18240,United States of America,elite,socks5
200.214.154.135,4145,Brazil,elite,socks4
197.232.43.224,1080,Kenya,elite,socks4
51.83.116.7,38020,France,elite,socks4
146.19.196.102,40382,Nigeria,elite,socks5
66.207.184.73,5432,United States of America,elite,socks4
103.70.159.146,5678,India,elite,socks4
102.64.116.1,4145,Congo,elite,socks4
106.75.171.132,3000,China,elite,socks5
185.191.165.28,1080,,elite,socks4
182.53.216.4,4153,Thailand,elite,socks4
104.19.138.4,80,Canada,elite,socks4
50.235.117.234,39593,United States of America,elite,socks4
112.78.161.191,8089,Indonesia,elite,socks4
84.22.61.69,1080,Albania,elite,socks4
202.159.60.113,443,Indonesia,elite,socks4
124.122.11.115,5678,Thailand,elite,socks4
103.79.96.217,4153,Indonesia,elite,socks4
91.232.105.99,30112,Netherlands,elite,socks4
186.93.96.70,9064,Venezuela, Bolivarian Republic of,elite,socks4
45.12.31.140,80,United Kingdom of Great Britain and Northern Ireland,elite,socks4
91.230.138.11,4145,Russian Federation,elite,socks4
178.44.26.235,7788,Russian Federation,elite,socks5
184.181.217.213,4145,United States of America,elite,socks4
186.225.149.81,4145,Brazil,elite,socks4
112.78.167.38,8089,Indonesia,elite,socks4
104.238.96.52,5351,United States of America,elite,socks4
95.217.201.196,10037,Finland,elite,socks4
208.91.197.18,40034,Virgin Islands, British,elite,socks5
54.36.183.52,9173,France,elite,socks5
103.35.108.145,4145,Bangladesh,elite,socks5
178.63.0.115,30510,Germany,elite,socks5
1.0.136.198,23969,Thailand,elite,socks5
181.196.247.162,45974,Ecuador,elite,socks4
85.236.158.182,62783,France,elite,socks4
185.105.237.231,808,Iran, Islamic Republic of,elite,socks4
46.34.161.63,4153,Iran, Islamic Republic of,elite,socks4
197.234.13.66,4145,Seychelles,elite,socks4
203.24.109.130,80,Belize,elite,socks5
110.42.246.153,2080,China,elite,socks4
138.117.116.30,44009,Brazil,elite,socks4
103.66.232.5,4145,India,elite,socks4
177.136.124.46,56113,Brazil,elite,socks4
103.70.159.152,5678,India,elite,socks4
103.79.152.202,5678,Indonesia,elite,socks4
188.169.84.30,5678,Georgia,elite,socks4
159.203.105.85,7497,United States of America,elite,socks5
161.97.74.176,30000,Germany,elite,socks5
45.12.30.231,80,United Kingdom of Great Britain and Northern Ireland,elite,socks4
110.78.152.199,5678,Thailand,elite,socks4
27.76.233.247,5308,Viet Nam,elite,socks5
185.161.186.83,54321,Spain,elite,socks4
80.59.233.178,60008,Spain,elite,socks4
41.73.253.234,4145,Nigeria,elite,socks4
114.30.92.2,8989,Indonesia,transparent,http
197.245.36.213,5678,South Africa,elite,socks4
103.205.130.94,4145,India,elite,socks4
190.217.58.90,5678,Colombia,elite,socks4
200.81.144.17,1080,Brazil,elite,socks4
182.53.129.19,5678,Thailand,elite,socks4
51.15.242.202,8888,France,elite,http
46.227.37.137,1088,Poland,elite,socks4
1.20.220.79,4145,Thailand,elite,socks4
135.125.30.135,42625,France,elite,socks5
111.206.0.98,8080,China,elite,http
62.244.227.66,4153,T√ºrkiye,elite,socks4
43.153.174.137,443,Japan,elite,socks5
103.14.251.16,4153,Cambodia,elite,socks4
118.173.124.103,4145,Thailand,elite,socks4
110.172.137.20,4673,India,elite,socks4
77.48.23.181,38817,Czechia,elite,socks4
115.144.253.12,23928,Korea, Republic of,elite,socks4
197.234.13.10,4145,Seychelles,elite,socks4
143.244.184.250,37237,United States of America,elite,socks4
103.47.93.210,1080,India,elite,socks4
179.125.172.177,4153,Brazil,elite,socks4
159.65.77.168,8585,United States of America,elite,http
103.245.205.33,35158,Bangladesh,elite,socks4
203.30.190.57,80,Belize,elite,socks4
45.251.231.113,5678,Bangladesh,elite,socks4
185.162.229.215,80,United Kingdom of Great Britain and Northern Ireland,elite,socks4
92.124.143.26,1080,Russian Federation,elite,socks5
129.226.90.169,443,Singapore,elite,socks5
46.21.240.185,1080,Russian Federation,elite,socks4
185.162.128.135,9057,Netherlands,elite,socks5
27.151.158.87,2829,China,elite,socks5
172.105.156.59,63949,United States of America,elite,socks4
110.77.149.50,5678,Thailand,elite,socks4
124.222.21.124,2080,China,elite,socks4
46.149.34.206,3629,Russian Federation,elite,socks4
197.234.13.62,4145,Seychelles,elite,socks4
168.227.158.85,4145,Brazil,elite,socks4
118.99.73.213,61221,Indonesia,elite,socks4
43.242.242.140,5678,Mongolia,elite,socks4
5.178.217.227,31019,Georgia,elite,socks4
177.12.177.2,4153,Brazil,elite,socks4
213.165.185.211,4153,Malta,elite,socks4
103.231.45.145,1080,India,elite,socks4
177.46.198.115,8080,Brazil,elite,socks5
103.106.241.153,1080,Bangladesh,elite,socks4
177.152.10.254,4153,Brazil,elite,socks4
167.86.94.3,12258,Germany,elite,socks4
198.46.174.81,12345,United States of America,elite,socks4
190.61.43.58,8080,Colombia,elite,socks4
195.78.100.186,3629,Ukraine,elite,socks4
203.24.108.179,80,Cyprus,elite,socks4
99.26.234.177,5678,United States of America,elite,socks4
197.234.13.32,4145,Seychelles,elite,socks4
177.38.5.224,4153,Brazil,elite,socks4
36.89.135.207,5678,Indonesia,elite,socks4
67.205.2.25,39852,United States of America,elite,socks5
45.234.61.229,999,Venezuela, Bolivarian Republic of,elite,socks4
49.51.22.107,443,Canada,elite,socks5
81.17.20.50,43039,Switzerland,elite,socks5
23.227.38.230,80,Canada,elite,socks4
103.35.108.206,23991,Bangladesh,elite,socks5
207.55.243.40,56907,United States of America,elite,socks4
110.78.148.101,4153,Thailand,elite,socks4
37.152.171.47,4153,Iran, Islamic Republic of,elite,socks4
31.186.241.8,8888,Netherlands,transparent,http
31.146.84.142,61669,Georgia,elite,socks5
186.208.19.61,5678,Brazil,elite,socks4
103.115.255.129,36331,Bangladesh,elite,socks4
103.31.250.97,80,Indonesia,elite,socks4
31.42.57.129,3699,Ukraine,elite,socks4
188.130.163.254,4153,Russian Federation,elite,socks4
142.93.66.245,23742,United States of America,elite,socks4
31.170.22.127,1080,Latvia,elite,socks4
103.12.246.197,4145,India,elite,socks4
185.250.148.110,6178,Moldova, Republic of,elite,socks5
110.42.189.209,2080,China,elite,socks4
183.6.7.103,4145,China,elite,socks4
200.105.192.6,5678,Bolivia, Plurinational State of,elite,socks4
185.173.106.113,8080,Iran, Islamic Republic of,elite,socks5
178.252.189.2,5678,Iran, Islamic Republic of,elite,socks4
46.34.144.199,4153,Russian Federation,elite,socks4
193.107.169.222,5678,Ukraine,elite,socks4
36.93.15.53,65445,Indonesia,elite,socks4
104.19.225.70,80,Canada,elite,socks5
103.10.99.110,5678,Indonesia,elite,socks4
213.165.160.251,5678,Malta,elite,socks4
121.13.252.62,61401,China,elite,socks4
14.248.94.123,5678,Viet Nam,elite,socks4
197.234.13.11,4145,Seychelles,elite,socks4
45.77.99.122,20473,United States of America,elite,socks4
108.175.23.49,13135,United States of America,elite,socks4
14.34.137.10,3128,Korea, Republic of,elite,socks4
130.255.166.220,28392,Sweden,elite,socks4
170.244.16.45,4145,Brazil,elite,socks4
185.95.227.244,4145,Italy,elite,socks4
192.3.28.239,8080,United States of America,elite,socks4
185.119.59.63,7777,Russian Federation,elite,socks5
160.0.203.99,1080,South Africa,elite,socks4
182.253.182.38,5678,Indonesia,elite,socks4
216.154.201.132,54321,United States of America,elite,socks4
197.157.254.34,4145,Congo,elite,socks4
45.112.125.60,4145,Indonesia,elite,socks4
103.85.103.129,5678,India,elite,socks4
80.209.236.13,55374,Lithuania,elite,socks4
45.196.148.191,5432,United States of America,elite,socks4
123.118.230.220,44844,China,elite,socks5
190.128.149.174,5678,Paraguay,elite,socks4
166.62.88.163,7038,United States of America,elite,socks4
103.136.127.140,40000,Singapore,elite,socks5
125.27.70.126,4153,Thailand,elite,socks4
14.63.1.108,4145,Korea, Republic of,elite,socks4
101.108.61.252,4145,Thailand,elite,socks4
173.212.250.16,64768,Germany,elite,socks5
119.91.35.77,2080,China,elite,socks4
95.217.222.213,6969,Finland,elite,socks4
177.125.166.218,4145,Brazil,elite,socks4
112.78.170.253,5678,Indonesia,elite,socks4
103.78.171.10,83,India,transparent,http
138.186.222.129,5678,Brazil,elite,socks4
197.234.13.16,4145,Seychelles,elite,socks4
203.76.103.57,4145,Bangladesh,elite,socks4
178.62.63.229,20682,United Kingdom of Great Britain and Northern Ireland,elite,socks4
68.183.128.131,8080,United States of America,elite,socks4
167.99.12.224,49463,United States of America,elite,socks4
110.77.196.174,4145,Thailand,elite,socks4
186.226.145.228,4145,Brazil,elite,socks4
78.38.108.199,1080,Iran, Islamic Republic of,elite,socks5
104.25.42.178,80,Canada,elite,socks4
193.233.148.216,5678,Russian Federation,elite,socks4
184.185.2.12,4145,United States of America,elite,socks4
27.123.3.138,4145,Indonesia,elite,socks4
103.23.101.97,4145,Indonesia,elite,socks4
144.202.62.103,10119,United States of America,elite,socks5
45.112.125.54,4145,Indonesia,elite,socks4
192.12.113.224,4145,Brazil,elite,socks4
58.58.68.218,10800,China,elite,socks4
124.133.20.234,7302,China,elite,socks5
187.210.136.88,4153,Mexico,elite,socks4
171.5.13.78,4145,Thailand,elite,socks4
176.197.103.58,4145,Russian Federation,elite,socks4
202.124.43.254,4145,Cambodia,elite,socks4
146.19.196.145,40234,Nigeria,elite,socks5
110.77.184.124,4145,Thailand,elite,socks4
203.13.32.218,80,Cyprus,elite,socks4
81.12.157.98,5678,Romania,elite,socks4
70.185.95.162,39593,United States of America,elite,socks4
93.87.73.58,1080,Serbia,elite,socks4
109.236.84.101,30090,Netherlands,elite,socks5
165.225.80.214,10605,United Kingdom of Great Britain and Northern Ireland,elite,socks4
147.182.229.154,7497,United States of America,elite,socks5
113.128.66.240,44844,China,elite,socks5
43.134.225.110,443,Singapore,elite,socks5
185.171.52.101,4153,Iran, Islamic Republic of,elite,socks4
77.93.220.68,61556,Czechia,elite,socks4
37.252.86.97,5678,Armenia,elite,socks4
192.163.252.85,52119,United States of America,elite,socks5
152.32.133.21,1080,Hong Kong,elite,socks5
116.199.168.1,4145,India,elite,socks4
38.127.179.100,21969,United States of America,elite,socks4
41.60.234.231,8080,Kenya,elite,socks4
51.38.231.41,80,France,elite,socks4
157.245.82.62,59347,United States of America,elite,socks5
103.31.84.122,1080,Maldives,elite,socks4
124.120.106.86,5678,Thailand,elite,socks4
185.169.181.27,4145,T√ºrkiye,elite,socks4
82.66.49.123,80,France,elite,socks5
178.32.99.234,5678,France,elite,socks4
197.234.13.67,4145,Seychelles,elite,socks4
27.151.29.27,2080,China,elite,socks5
188.93.230.17,59014,Portugal,elite,socks5
103.102.219.25,44550,Bangladesh,elite,socks4
190.121.21.211,51963,Chile,elite,socks4
182.160.116.194,8090,Bangladesh,elite,socks5
85.29.201.250,1025,Estonia,elite,socks4
31.200.242.201,12196,Spain,elite,socks4
221.230.77.10,10800,China,elite,socks4
110.77.236.112,4153,Thailand,elite,socks4
172.67.182.96,80,Canada,elite,socks5
47.57.115.226,9050,Hong Kong,elite,socks4
89.43.5.134,3629,Iran, Islamic Republic of,elite,socks4
67.201.59.70,4145,United States of America,elite,socks4
8.210.252.121,48091,Hong Kong,elite,socks5
85.240.180.190,5678,Portugal,elite,socks4
79.106.108.132,8079,Albania,transparent,http
185.171.54.26,4153,Iran, Islamic Republic of,elite,socks4
103.87.24.34,5678,India,elite,socks4
161.35.125.167,7497,United States of America,elite,socks5
110.77.163.5,4145,Thailand,elite,socks4
103.47.93.247,1080,India,elite,socks4
27.115.33.94,4153,China,elite,socks4
192.171.119.166,53149,United States of America,elite,socks4
103.47.93.232,1080,India,elite,socks4
114.7.161.18,1080,Indonesia,elite,socks4
125.141.139.60,5566,Korea, Republic of,elite,socks4
103.132.124.18,5678,Indonesia,elite,socks4
103.23.100.1,4145,Indonesia,elite,socks4
203.223.44.102,53945,Cambodia,elite,socks4
186.251.255.61,31337,Brazil,elite,socks4
168.205.217.58,4145,Brazil,elite,socks4
103.47.93.236,1080,India,elite,socks4
124.122.137.150,4153,Thailand,elite,socks4
41.60.232.61,5678,Kenya,elite,socks4
80.26.55.178,3352,Spain,elite,socks4
104.16.105.106,80,Canada,elite,socks4
103.72.79.65,14855,United States of America,elite,socks4
177.128.209.90,4673,Brazil,elite,socks4
45.196.148.52,5432,United States of America,elite,socks4
103.48.181.189,4145,India,elite,socks4
103.84.134.9,1080,Maldives,elite,socks4
103.134.251.203,32650,India,transparent,http
105.214.96.159,5678,South Africa,elite,socks4
178.62.69.186,50292,United Kingdom of Great Britain and Northern Ireland,elite,socks5
168.205.217.78,4145,Brazil,elite,socks4
91.225.170.25,4153,Ukraine,elite,socks4
177.38.5.192,4153,Brazil,elite,socks4
103.135.138.121,1080,Bangladesh,elite,socks4
45.12.31.104,80,United Kingdom of Great Britain and Northern Ireland,elite,socks4
173.212.224.116,50886,Germany,elite,socks5
101.51.83.64,4145,Thailand,elite,socks4
185.202.7.160,4153,Austria,elite,socks4
185.162.229.127,80,United Kingdom of Great Britain and Northern Ireland,elite,socks5
170.233.117.249,4153,Argentina,elite,socks4
92.204.135.37,59646,United States of America,elite,socks4
217.219.73.251,1080,Iran, Islamic Republic of,elite,socks4
45.6.229.227,4145,Brazil,elite,socks4
186.251.255.249,31337,Brazil,elite,socks4
170.81.141.254,61437,Mexico,elite,socks4
104.25.244.70,80,Canada,elite,socks4
111.220.90.41,40938,Australia,elite,socks5
103.88.221.194,46450,India,elite,socks4
181.115.75.102,5678,Honduras,elite,socks4
186.211.199.118,4145,Brazil,elite,socks4
104.16.25.216,80,Canada,elite,socks5
47.115.162.7,8060,China,elite,socks5
157.185.165.110,26589,Canada,elite,socks5
118.67.216.94,4145,Bangladesh,elite,socks4
185.220.226.108,3128,T√ºrkiye,elite,socks4
186.224.225.26,42648,Brazil,elite,socks4
91.189.177.189,3128,Norway,transparent,http
128.65.182.103,5678,Iran, Islamic Republic of,elite,socks4
177.131.16.66,4153,Brazil,elite,socks4
178.62.7.98,34621,United Kingdom of Great Britain and Northern Ireland,elite,socks4
85.25.93.172,5566,France,elite,socks4
134.209.239.109,80,Germany,elite,socks4
54.38.81.12,40559,France,elite,socks5
203.115.106.174,5678,India,elite,socks4
95.217.196.186,52046,Finland,elite,socks4
115.73.220.114,5678,Viet Nam,elite,socks4
128.199.165.63,34438,Singapore,elite,socks4
217.25.215.194,4153,Russian Federation,elite,socks4
217.150.58.185,1080,Russian Federation,elite,socks4
103.10.231.189,8080,Thailand,elite,socks4
107.180.88.173,24766,United States of America,elite,socks4
185.169.181.12,4145,T√ºrkiye,elite,socks4
104.16.105.15,80,Canada,elite,socks4
185.121.138.59,80,United Kingdom of Great Britain and Northern Ireland,elite,socks4
176.102.70.102,1080,Russian Federation,elite,socks5
45.112.125.55,4145,Indonesia,elite,socks4
168.227.158.13,4145,Brazil,elite,socks4
89.237.35.129,51549,Russian Federation,elite,socks4
177.184.64.2,4145,Brazil,elite,socks4