202.5.60.46,5020,Bangladesh - Khulna,Transparent,HTTP/HTTPS
103.138.27.25,6000,Bangladesh - Farīdganj,Transparent,HTTP/HTTPS
115.127.31.66,8080,Bangladesh,Elite,HTTP/HTTPS
103.141.70.18,8080,Bangladesh - Dhaka,Elite,HTTP/HTTPS
180.211.186.158,8080,Bangladesh,Transparent,HTTP/HTTPS
103.127.1.130,80,Bangladesh - Chittagong,Transparent,HTTP/HTTPS
123.200.14.194,8080,Bangladesh - Dhaka,Transparent,HTTP/HTTPS
103.83.232.122,80,Bangladesh - Dhaka,Transparent,HTTP/HTTPS
27.147.129.26,58080,Bangladesh - Dhaka,Transparent,HTTP/HTTPS
103.125.136.83,8080,Bangladesh,Transparent,HTTP/HTTPS
103.106.240.18,96,Bangladesh - Dhaka,Transparent,HTTP/HTTPS
203.202.252.149,1200,Bangladesh - Dhaka,Transparent,HTTP/HTTPS
103.49.202.252,80,Bangladesh - Mirpur,Transparent,HTTP/HTTPS
103.163.51.254,80,Bangladesh,Transparent,HTTP/HTTPS
203.202.249.2,8080,Bangladesh - Dhaka,Transparent,HTTP/HTTPS
103.130.175.169,8080,Bangladesh - Dhaka,Transparent,HTTP/HTTPS
180.211.183.2,8080,Bangladesh,Transparent,HTTP/HTTPS
103.239.252.214,58080,Bangladesh - Dhaka,Transparent,HTTP/HTTPS
103.112.149.41,8080,Bangladesh - Khulna,Transparent,HTTP/HTTPS
180.211.161.110,8080,Bangladesh,Transparent,HTTP/HTTPS
103.74.229.133,8080,Bangladesh - Kushtia,Transparent,HTTP/HTTPS
103.54.43.131,8080,Bangladesh - Dhaka,Transparent,HTTP/HTTPS
103.120.167.109,8885,Bangladesh - Narsingdi,Transparent,HTTP/HTTPS
103.5.232.148,8080,Bangladesh,Transparent,HTTP/HTTPS
103.231.239.137,58080,Bangladesh,Transparent,HTTP/HTTPS
27.147.142.138,58080,Bangladesh - Dhaka,Transparent,HTTP/HTTPS
103.188.136.44,32650,Bangladesh - Nārāyanganj,Transparent,HTTP/HTTPS
115.127.112.74,8090,Bangladesh - Dhaka,Transparent,HTTP/HTTPS
119.148.55.89,1419,Bangladesh,Transparent,HTTP/HTTPS
115.127.140.114,8080,Bangladesh - Dhaka,Transparent,HTTP/HTTPS
49.0.34.194,8080,Bangladesh - Dhaka,Transparent,HTTP/HTTPS
123.200.18.155,80,Bangladesh - Dhaka,Transparent,HTTP/HTTPS
49.0.32.48,8000,Bangladesh - Dhaka,Transparent,HTTP/HTTPS
182.160.100.156,5020,Bangladesh - Dhaka,Transparent,HTTP/HTTPS
103.125.138.202,8080,Bangladesh,Transparent,HTTP/HTTPS
177.54.229.164,9292,Brazil - Parauapebas,Transparent,HTTP/HTTPS
201.91.82.155,3128,Brazil - São Paulo,Transparent,HTTP/HTTPS
45.232.79.0,9292,Brazil - Buritama,Transparent,HTTP/HTTPS
38.250.210.26,8081,Brazil - Vitoria do Mearim,Transparent,HTTP/HTTPS
177.37.160.81,8080,Brazil - Juazeiro do Norte,Transparent,HTTP/HTTPS
177.12.118.160,80,Brazil - Sao Jose de Piranhas,Elite,HTTP/HTTPS
189.22.142.29,8091,Brazil,Elite,HTTP/HTTPS
189.124.91.145,7171,Brazil - Regente Feijo,Transparent,HTTP/HTTPS
187.50.29.242,8080,Brazil - Itirapina,Transparent,HTTP/HTTPS
187.94.220.85,8080,Brazil - Guacui,Transparent,HTTP/HTTPS
45.161.161.216,5566,Brazil - Patos de Minas,Transparent,HTTP/HTTPS
45.186.8.10,9947,Brazil - Ibaiti,Transparent,HTTP/HTTPS
177.32.153.62,8080,Brazil - São Paulo,Transparent,HTTP/HTTPS
191.242.126.94,8080,Brazil - Montes Claros,Transparent,HTTP/HTTPS
191.37.4.218,8085,Brazil - Buriti,Transparent,HTTP/HTTPS
45.171.242.3,8083,Brazil - Atibaia,Transparent,HTTP/HTTPS
191.242.111.195,8080,Brazil - Rio de Janeiro,Transparent,HTTP/HTTPS
45.167.44.64,65423,Brazil - Capelinha,Elite,HTTP/HTTPS
189.50.9.33,8080,Brazil - Vila Velha,Transparent,HTTP/HTTPS
179.189.48.253,8080,Brazil - Sinop,Transparent,HTTP/HTTPS
131.100.148.76,8080,Brazil - Brasília,Transparent,HTTP/HTTPS
200.170.210.238,8080,Brazil - São Paulo,Transparent,HTTP/HTTPS
45.171.146.183,8083,Brazil - Chapadao Do Sul,Transparent,HTTP/HTTPS
201.65.173.180,8080,Brazil - Brasília,Transparent,HTTP/HTTPS
187.62.191.3,61456,Brazil - Bariri,Elite,HTTP/HTTPS
177.130.63.80,8080,Brazil - Itaituba,Transparent,HTTP/HTTPS
179.48.11.6,8085,Brazil - Campo Maior,Transparent,HTTP/HTTPS
200.7.11.154,8080,Brazil - Itumbiara,Elite,HTTP/HTTPS
186.215.68.51,3127,Brazil - Brasília,Transparent,HTTP/HTTPS
168.0.239.225,8787,Brazil - Candeias,Elite,HTTP/HTTPS
200.174.198.86,8888,Brazil - Piracicaba,Anonymous,HTTP/HTTPS
206.84.40.62,8080,Brazil - Belém,Transparent,HTTP/HTTPS
177.11.190.84,8080,Brazil - Nuporanga,Transparent,HTTP/HTTPS
191.241.184.61,40033,Brazil - Nossa Senhora da Gloria,Transparent,HTTP/HTTPS
177.107.16.252,3128,Brazil - Teresina,Transparent,HTTP/HTTPS
201.220.112.98,999,Chile - Temuco,Transparent,HTTP/HTTPS
181.212.41.172,999,Chile - Santiago,Transparent,HTTP/HTTPS
190.121.4.157,999,Chile - Futrono,Transparent,HTTP/HTTPS
200.54.22.74,80,Chile - Coquimbo,Transparent,HTTP/HTTPS
45.230.50.3,999,Chile - Talagante,Transparent,HTTP/HTTPS
200.54.22.74,8080,Chile - Las Condes,Transparent,HTTP/HTTPS
186.103.130.91,8080,Chile - Santiago,Transparent,HTTP/HTTPS
190.54.100.74,8080,Chile - Santiago,Transparent,HTTP/HTTPS
186.103.130.94,8080,Chile - Santiago,Transparent,HTTP/HTTPS
45.178.133.6,999,Chile - Renca,Transparent,HTTP/HTTPS
45.225.184.145,999,Chile - Melipilla,Transparent,HTTP/HTTPS
45.230.49.2,999,Chile - Talagante,Transparent,HTTP/HTTPS
201.236.151.82,8080,Chile - Cerro Navia,Anonymous,HTTP/HTTPS
179.61.110.253,999,Chile - Molina,Transparent,HTTP/HTTPS
200.111.249.197,999,Chile - Santiago,Transparent,HTTP/HTTPS
186.103.130.92,8080,Chile - Santiago,Transparent,HTTP/HTTPS
45.225.184.206,999,Chile - Melipilla,Transparent,HTTP/HTTPS
167.249.29.218,999,Chile - Santiago,Transparent,HTTP/HTTPS
186.103.130.93,8080,Chile - Renca,Transparent,HTTP/HTTPS
200.39.139.65,999,Chile - Santiago,Transparent,HTTP/HTTPS
190.211.172.178,999,Chile - Santiago,Transparent,HTTP/HTTPS
167.249.29.214,999,Chile - Santiago,Transparent,HTTP/HTTPS
45.170.102.89,999,Chile - Buin,Transparent,HTTP/HTTPS
45.170.102.225,999,Chile - Santiago,Transparent,HTTP/HTTPS
201.238.248.139,9229,Chile,Elite,HTTP/HTTPS
167.249.29.220,999,Chile - Santiago,Transparent,HTTP/HTTPS
45.239.30.1,999,Chile - El Carmen,Transparent,HTTP/HTTPS
190.211.250.131,999,Chile - Osorno,Transparent,HTTP/HTTPS
38.7.204.129,999,Chile - Santiago,Transparent,HTTP/HTTPS
190.209.27.86,999,Chile - Santiago,Transparent,HTTP/HTTPS
114.231.42.14,8888,China,Elite,HTTP/HTTPS
111.160.204.146,9091,China,Elite,HTTP/HTTPS
58.246.58.150,9002,China - Shanghai,Elite,HTTP/HTTPS
39.191.223.9,3128,China - Lishui,Elite,HTTP/HTTPS
183.215.23.242,9091,China - Xiangtan,Elite,HTTP/HTTPS
125.77.25.177,8090,China - Fuzhou,Elite,HTTP/HTTPS
60.12.168.114,9002,China - Hangzhou,Elite,HTTP/HTTPS
112.19.241.37,19999,China,Elite,HTTP/HTTPS
223.100.178.167,9091,China,Elite,HTTP/HTTPS
120.205.70.102,8060,China,Elite,HTTP/HTTPS
220.248.70.237,9002,China - Shanghai,Elite,HTTP/HTTPS
58.20.248.139,9002,China,Elite,HTTP/HTTPS
223.113.80.158,9091,China,Elite,HTTP/HTTPS
153.101.67.170,9002,China - Zhenxing,Elite,HTTP/HTTPS
183.64.239.19,8060,China - Chongqing,Elite,HTTP/HTTPS
221.231.13.198,1080,China - Yancheng,Elite,HTTP/HTTPS
111.59.4.88,9002,China,Elite,HTTP/HTTPS
39.100.104.226,8118,China - Beijing,Elite,HTTP/HTTPS
112.51.96.118,9091,China - Fuzhou,Elite,HTTP/HTTPS
103.36.136.138,8090,China,Elite,HTTP/HTTPS
60.205.132.71,80,China - Beijing,Elite,HTTP/HTTPS
47.98.167.139,8089,China - Hangzhou,Elite,HTTP/HTTPS
39.107.33.254,8090,China - Beijing,Elite,HTTP/HTTPS
120.26.0.11,8880,China - Hangzhou,Elite,HTTP/HTTPS
111.206.0.99,8181,China - Beijing,Elite,HTTP/HTTPS
203.110.176.69,8111,China,Anonymous,HTTP/HTTPS
114.231.41.210,8888,China,Elite,HTTP/HTTPS
219.129.167.82,2222,China,Elite,HTTP/HTTPS
218.23.15.154,9002,China,Elite,HTTP/HTTPS
120.197.40.219,9002,China,Elite,HTTP/HTTPS
183.236.123.242,8060,China - Guangzhou,Elite,HTTP/HTTPS
122.136.212.132,53281,China,Transparent,HTTP/HTTPS
114.251.193.153,3128,China - Beijing,Transparent,HTTP/HTTPS
114.231.8.115,8888,China,Elite,HTTP/HTTPS
61.186.243.6,9002,China,Elite,HTTP/HTTPS
20.235.159.154,80,anonymous,anonymous,HTTP/HTTPS
62.236.76.83,8085,anonymous,anonymous,HTTP/HTTPS
43.132.124.11,3128,anonymous,anonymous,HTTP/HTTPS
223.135.156.183,8080,elite proxy,elite proxy,HTTP/HTTPS
198.44.255.3,80,anonymous,anonymous,HTTP/HTTPS
51.89.14.70,80,elite proxy,elite proxy,HTTP/HTTPS
163.181.117.60,80,anonymous,anonymous,HTTP/HTTPS
198.49.68.80,80,elite proxy,elite proxy,HTTP/HTTPS
172.245.10.132,34567,elite proxy,elite proxy,HTTP/HTTPS
64.227.4.244,8888,anonymous,anonymous,HTTP/HTTPS
137.184.6.203,8081,elite proxy,elite proxy,HTTP/HTTPS
154.208.10.126,80,anonymous,anonymous,HTTP/HTTPS
20.193.154.130,8888,anonymous,anonymous,HTTP/HTTPS
172.245.10.130,34567,elite proxy,elite proxy,HTTP/HTTPS
183.100.14.134,8000,elite proxy,elite proxy,HTTP/HTTPS
41.204.63.118,80,elite proxy,elite proxy,HTTP/HTTPS
178.128.113.118,23128,anonymous,anonymous,HTTP/HTTPS
139.59.1.14,8080,anonymous,anonymous,HTTP/HTTPS
20.24.43.214,80,elite proxy,elite proxy,HTTP/HTTPS
47.74.152.29,8888,anonymous,anonymous,HTTP/HTTPS
162.245.85.220,80,elite proxy,elite proxy,HTTP/HTTPS
123.30.154.171,7777,anonymous,anonymous,HTTP/HTTPS
20.210.113.32,8123,elite proxy,elite proxy,HTTP/HTTPS
51.210.19.141,80,elite proxy,elite proxy,HTTP/HTTPS
154.49.246.35,80,elite proxy,elite proxy,HTTP/HTTPS
133.18.234.13,80,anonymous,anonymous,HTTP/HTTPS
78.28.152.111,80,elite proxy,elite proxy,HTTP/HTTPS
138.68.60.8,8080,anonymous,anonymous,HTTP/HTTPS
116.125.141.115,80,anonymous,anonymous,HTTP/HTTPS
114.143.0.177,80,anonymous,anonymous,HTTP/HTTPS
51.254.78.223,80,anonymous,anonymous,HTTP/HTTPS
167.102.133.111,80,anonymous,anonymous,HTTP/HTTPS
128.199.12.12,80,elite proxy,elite proxy,HTTP/HTTPS
190.103.177.131,80,anonymous,anonymous,HTTP/HTTPS
154.203.132.55,8090,anonymous,anonymous,HTTP/HTTPS
89.221.215.128,80,elite proxy,elite proxy,HTTP/HTTPS
203.109.4.187,18092,elite proxy,elite proxy,HTTP/HTTPS
47.242.47.64,8888,anonymous,anonymous,HTTP/HTTPS
91.92.155.207,3128,anonymous,anonymous,HTTP/HTTPS
185.201.8.166,80,elite proxy,elite proxy,HTTP/HTTPS
188.132.209.245,80,anonymous,anonymous,HTTP/HTTPS
35.185.196.38,3128,anonymous,anonymous,HTTP/HTTPS
62.99.138.162,80,anonymous,anonymous,HTTP/HTTPS
51.250.13.88,80,elite proxy,elite proxy,HTTP/HTTPS
176.65.240.15,80,anonymous,anonymous,HTTP/HTTPS
178.16.139.143,80,elite proxy,elite proxy,HTTP/HTTPS
51.75.206.209,80,elite proxy,elite proxy,HTTP/HTTPS
74.48.78.52,80,elite proxy,elite proxy,HTTP/HTTPS
102.134.130.41,80,elite proxy,elite proxy,HTTP/HTTPS
143.110.232.177,80,elite proxy,elite proxy,HTTP/HTTPS
91.65.103.3,80,elite proxy,elite proxy,HTTP/HTTPS
59.144.184.73,80,elite proxy,elite proxy,HTTP/HTTPS
104.236.78.102,3128,transparent,transparent,HTTP/HTTPS
34.122.187.196,80,elite proxy,elite proxy,HTTP/HTTPS
61.7.191.11,8080,transparent,transparent,HTTP/HTTPS
161.35.70.249,3128,anonymous,anonymous,HTTP/HTTPS
20.206.106.192,8123,elite proxy,elite proxy,HTTP/HTTPS
34.23.45.223,80,elite proxy,elite proxy,HTTP/HTTPS
139.162.78.109,8080,anonymous,anonymous,HTTP/HTTPS
103.152.112.145,80,anonymous,anonymous,HTTP/HTTPS
66.29.154.103,3128,anonymous,anonymous,HTTP/HTTPS
51.15.242.202,8888,anonymous,anonymous,HTTP/HTTPS
47.56.110.204,8989,anonymous,anonymous,HTTP/HTTPS
103.163.51.254,80,anonymous,anonymous,HTTP/HTTPS
46.47.197.210,3128,elite proxy,elite proxy,HTTP/HTTPS
50.221.74.130,80,anonymous,anonymous,HTTP/HTTPS
50.145.24.176,80,anonymous,anonymous,HTTP/HTTPS
50.146.203.174,80,anonymous,anonymous,HTTP/HTTPS
50.223.239.175,80,anonymous,anonymous,HTTP/HTTPS
50.223.239.168,80,anonymous,anonymous,HTTP/HTTPS
50.174.7.153,80,anonymous,anonymous,HTTP/HTTPS
50.239.72.16,80,anonymous,anonymous,HTTP/HTTPS
50.223.239.191,80,anonymous,anonymous,HTTP/HTTPS
50.223.239.173,80,anonymous,anonymous,HTTP/HTTPS
50.222.245.44,80,anonymous,anonymous,HTTP/HTTPS
50.218.57.65,80,anonymous,anonymous,HTTP/HTTPS
50.222.245.50,80,anonymous,anonymous,HTTP/HTTPS
50.239.72.18,80,anonymous,anonymous,HTTP/HTTPS
50.223.242.100,80,anonymous,anonymous,HTTP/HTTPS
50.175.212.77,80,anonymous,anonymous,HTTP/HTTPS
50.222.245.47,80,anonymous,anonymous,HTTP/HTTPS
50.171.177.124,80,anonymous,anonymous,HTTP/HTTPS
50.174.145.12,80,anonymous,anonymous,HTTP/HTTPS
50.237.207.186,80,anonymous,anonymous,HTTP/HTTPS
50.218.57.66,80,anonymous,anonymous,HTTP/HTTPS
50.175.212.76,80,anonymous,anonymous,HTTP/HTTPS
50.222.245.40,80,anonymous,anonymous,HTTP/HTTPS
50.218.57.67,80,anonymous,anonymous,HTTP/HTTPS
32.223.6.94,80,anonymous,anonymous,HTTP/HTTPS
50.172.75.120,80,anonymous,anonymous,HTTP/HTTPS
50.222.245.45,80,anonymous,anonymous,HTTP/HTTPS
50.223.38.6,80,anonymous,anonymous,HTTP/HTTPS
50.223.239.185,80,anonymous,anonymous,HTTP/HTTPS
50.145.24.186,80,anonymous,anonymous,HTTP/HTTPS
216.137.184.253,80,elite proxy,elite proxy,HTTP/HTTPS
50.171.177.126,80,anonymous,anonymous,HTTP/HTTPS
50.171.122.30,80,anonymous,anonymous,HTTP/HTTPS
50.223.242.103,80,anonymous,anonymous,HTTP/HTTPS
50.172.39.98,80,anonymous,anonymous,HTTP/HTTPS
50.122.86.118,80,anonymous,anonymous,HTTP/HTTPS
50.174.145.13,80,anonymous,anonymous,HTTP/HTTPS
50.222.245.41,80,anonymous,anonymous,HTTP/HTTPS
101.255.40.98,8080,transparent,transparent,HTTP/HTTPS
113.160.132.15,8080,elite proxy,elite proxy,HTTP/HTTPS
78.28.152.113,80,elite proxy,elite proxy,HTTP/HTTPS
58.234.116.197,80,anonymous,anonymous,HTTP/HTTPS
35.209.198.222,80,elite proxy,elite proxy,HTTP/HTTPS
196.1.95.124,80,elite proxy,elite proxy,HTTP/HTTPS
154.203.132.49,8080,anonymous,anonymous,HTTP/HTTPS
159.203.61.169,8080,anonymous,anonymous,HTTP/HTTPS
51.89.73.162,80,elite proxy,elite proxy,HTTP/HTTPS
135.125.206.241,80,elite proxy,elite proxy,HTTP/HTTPS
8.219.97.248,80,anonymous,anonymous,HTTP/HTTPS
89.22.120.116,80,elite proxy,elite proxy,HTTP/HTTPS
217.182.210.152,80,elite proxy,elite proxy,HTTP/HTTPS
43.153.75.22,80,anonymous,anonymous,HTTP/HTTPS
51.195.40.90,80,elite proxy,elite proxy,HTTP/HTTPS
47.251.70.179,80,elite proxy,elite proxy,HTTP/HTTPS
189.240.60.169,9090,elite proxy,elite proxy,HTTP/HTTPS
4.236.183.37,8080,anonymous,anonymous,HTTP/HTTPS
167.102.133.106,80,anonymous,anonymous,HTTP/HTTPS
146.190.177.143,80,elite proxy,elite proxy,HTTP/HTTPS
167.102.133.105,80,anonymous,anonymous,HTTP/HTTPS
68.178.203.69,8899,anonymous,anonymous,HTTP/HTTPS
188.40.59.208,3128,anonymous,anonymous,HTTP/HTTPS
38.54.71.67,80,elite proxy,elite proxy,HTTP/HTTPS
89.145.162.81,3128,anonymous,anonymous,HTTP/HTTPS
147.45.104.252,80,elite proxy,elite proxy,HTTP/HTTPS
213.218.228.253,80,anonymous,anonymous,HTTP/HTTPS
195.114.209.50,80,elite proxy,elite proxy,HTTP/HTTPS
154.65.39.7,80,elite proxy,elite proxy,HTTP/HTTPS
50.222.245.42,80,anonymous,anonymous,HTTP/HTTPS
50.218.204.106,80,anonymous,anonymous,HTTP/HTTPS
50.202.75.26,80,anonymous,anonymous,HTTP/HTTPS
50.223.239.183,80,anonymous,anonymous,HTTP/HTTPS
68.185.57.66,80,anonymous,anonymous,HTTP/HTTPS
50.175.212.79,80,anonymous,anonymous,HTTP/HTTPS
50.223.239.177,80,anonymous,anonymous,HTTP/HTTPS
50.169.135.10,80,anonymous,anonymous,HTTP/HTTPS
50.239.72.17,80,anonymous,anonymous,HTTP/HTTPS
50.207.199.81,80,anonymous,anonymous,HTTP/HTTPS
50.223.239.194,80,anonymous,anonymous,HTTP/HTTPS
50.221.230.186,80,anonymous,anonymous,HTTP/HTTPS
50.218.204.96,80,anonymous,anonymous,HTTP/HTTPS
50.172.75.124,80,anonymous,anonymous,HTTP/HTTPS
50.169.37.50,80,anonymous,anonymous,HTTP/HTTPS
50.217.226.44,80,anonymous,anonymous,HTTP/HTTPS
50.172.75.123,80,anonymous,anonymous,HTTP/HTTPS
50.231.110.26,80,anonymous,anonymous,HTTP/HTTPS
134.35.93.95,8080,transparent,transparent,HTTP/HTTPS
8.213.137.155,443,transparent,transparent,HTTP/HTTPS
38.156.72.135,8080,transparent,transparent,HTTP/HTTPS
179.60.235.251,8094,transparent,transparent,HTTP/HTTPS
103.156.201.170,83,transparent,transparent,HTTP/HTTPS
103.133.221.251,80,elite proxy,elite proxy,HTTP/HTTPS
139.60.209.2,80,anonymous,anonymous,HTTP/HTTPS
50.207.199.80,80,anonymous,anonymous,HTTP/HTTPS
66.191.31.158,80,anonymous,anonymous,HTTP/HTTPS
50.171.187.50,80,anonymous,anonymous,HTTP/HTTPS
82.119.96.254,80,anonymous,anonymous,HTTP/HTTPS
50.168.72.118,80,anonymous,anonymous,HTTP/HTTPS
50.218.57.68,80,anonymous,anonymous,HTTP/HTTPS
50.175.212.72,80,anonymous,anonymous,HTTP/HTTPS
50.218.204.99,80,anonymous,anonymous,HTTP/HTTPS
50.174.7.157,80,anonymous,anonymous,HTTP/HTTPS
50.172.75.121,80,anonymous,anonymous,HTTP/HTTPS
50.217.226.43,80,anonymous,anonymous,HTTP/HTTPS
50.218.57.69,80,anonymous,anonymous,HTTP/HTTPS
50.168.72.116,80,anonymous,anonymous,HTTP/HTTPS
50.231.172.74,80,anonymous,anonymous,HTTP/HTTPS
50.207.199.82,80,anonymous,anonymous,HTTP/HTTPS
50.174.145.8,80,anonymous,anonymous,HTTP/HTTPS
50.217.226.41,80,anonymous,anonymous,HTTP/HTTPS
50.174.7.154,80,anonymous,anonymous,HTTP/HTTPS
50.168.7.250,80,anonymous,anonymous,HTTP/HTTPS
50.218.57.74,80,anonymous,anonymous,HTTP/HTTPS
50.173.182.90,80,anonymous,anonymous,HTTP/HTTPS
50.175.212.66,80,anonymous,anonymous,HTTP/HTTPS
194.219.134.234,80,anonymous,anonymous,HTTP/HTTPS
50.174.7.159,80,anonymous,anonymous,HTTP/HTTPS
50.223.242.97,80,anonymous,anonymous,HTTP/HTTPS
50.217.226.47,80,anonymous,anonymous,HTTP/HTTPS
50.220.168.134,80,anonymous,anonymous,HTTP/HTTPS
50.223.246.237,80,anonymous,anonymous,HTTP/HTTPS
50.232.104.86,80,anonymous,anonymous,HTTP/HTTPS
127.0.0.7,80,anonymous,anonymous,HTTP/HTTPS
50.174.145.10,80,anonymous,anonymous,HTTP/HTTPS
50.168.72.115,80,anonymous,anonymous,HTTP/HTTPS
50.174.7.152,80,anonymous,anonymous,HTTP/HTTPS
50.223.246.226,80,anonymous,anonymous,HTTP/HTTPS
50.144.166.226,80,anonymous,anonymous,HTTP/HTTPS
50.222.245.43,80,anonymous,anonymous,HTTP/HTTPS
50.239.72.19,80,anonymous,anonymous,HTTP/HTTPS
50.174.7.156,80,anonymous,anonymous,HTTP/HTTPS
50.218.57.70,80,anonymous,anonymous,HTTP/HTTPS
50.223.239.165,80,anonymous,anonymous,HTTP/HTTPS
103.239.175.90,1111,transparent,transparent,HTTP/HTTPS
191.241.184.61,40033,transparent,transparent,HTTP/HTTPS
195.12.191.2,80,anonymous,anonymous,HTTP/HTTPS
172.245.12.55,34567,elite proxy,elite proxy,HTTP/HTTPS
8.34.208.46,80,elite proxy,elite proxy,HTTP/HTTPS
24.205.201.186,80,anonymous,anonymous,HTTP/HTTPS
50.174.145.9,80,anonymous,anonymous,HTTP/HTTPS
50.174.7.162,80,anonymous,anonymous,HTTP/HTTPS
50.218.57.71,80,anonymous,anonymous,HTTP/HTTPS
50.168.72.119,80,anonymous,anonymous,HTTP/HTTPS
50.207.199.87,80,anonymous,anonymous,HTTP/HTTPS
50.144.168.74,80,anonymous,anonymous,HTTP/HTTPS
162.245.81.45,80,elite proxy,elite proxy,HTTP/HTTPS
50.145.24.181,80,anonymous,anonymous,HTTP/HTTPS
50.217.226.40,80,anonymous,anonymous,HTTP/HTTPS
50.172.75.125,80,anonymous,anonymous,HTTP/HTTPS
189.202.188.149,80,anonymous,anonymous,HTTP/HTTPS
80.120.49.242,80,anonymous,anonymous,HTTP/HTTPS
50.174.145.11,80,anonymous,anonymous,HTTP/HTTPS
83.68.136.236,80,elite proxy,elite proxy,HTTP/HTTPS
189.240.60.164,9090,elite proxy,elite proxy,HTTP/HTTPS
50.207.199.86,80,anonymous,anonymous,HTTP/HTTPS
156.38.112.11,80,elite proxy,elite proxy,HTTP/HTTPS
50.218.204.103,80,anonymous,anonymous,HTTP/HTTPS
217.160.99.39,80,elite proxy,elite proxy,HTTP/HTTPS
50.218.57.64,80,anonymous,anonymous,HTTP/HTTPS
50.231.104.58,80,anonymous,anonymous,HTTP/HTTPS
197.255.126.69,80,elite proxy,elite proxy,HTTP/HTTPS
50.168.72.112,80,anonymous,anonymous,HTTP/HTTPS
50.207.199.84,80,anonymous,anonymous,HTTP/HTTPS
50.172.75.127,80,anonymous,anonymous,HTTP/HTTPS
50.168.72.114,80,anonymous,anonymous,HTTP/HTTPS
50.168.72.122,80,anonymous,anonymous,HTTP/HTTPS
96.113.158.126,80,anonymous,anonymous,HTTP/HTTPS
165.227.0.192,80,elite proxy,elite proxy,HTTP/HTTPS
50.217.226.46,80,anonymous,anonymous,HTTP/HTTPS
50.175.212.74,80,anonymous,anonymous,HTTP/HTTPS
50.218.224.35,80,anonymous,anonymous,HTTP/HTTPS
50.217.226.42,80,anonymous,anonymous,HTTP/HTTPS
50.222.245.46,80,anonymous,anonymous,HTTP/HTTPS
114.129.2.82,8081,elite proxy,elite proxy,HTTP/HTTPS
50.168.72.117,80,anonymous,anonymous,HTTP/HTTPS
50.207.199.83,80,anonymous,anonymous,HTTP/HTTPS
50.171.187.51,80,anonymous,anonymous,HTTP/HTTPS
50.217.226.45,80,anonymous,anonymous,HTTP/HTTPS
211.128.96.206,80,anonymous,anonymous,HTTP/HTTPS
201.148.32.162,80,anonymous,anonymous,HTTP/HTTPS
64.227.6.0,4003,transparent,transparent,HTTP/HTTPS
120.28.222.2,8081,transparent,transparent,HTTP/HTTPS
213.33.126.130,80,anonymous,anonymous,HTTP/HTTPS
50.174.7.155,80,anonymous,anonymous,HTTP/HTTPS
213.33.2.28,80,anonymous,anonymous,HTTP/HTTPS
213.143.113.82,80,anonymous,anonymous,HTTP/HTTPS
50.168.72.113,80,anonymous,anonymous,HTTP/HTTPS
80.228.235.6,80,anonymous,anonymous,HTTP/HTTPS
0.0.0.0,80,anonymous,anonymous,HTTP/HTTPS
85.8.68.2,80,anonymous,anonymous,HTTP/HTTPS
80.120.130.231,80,anonymous,anonymous,HTTP/HTTPS
50.174.145.15,80,anonymous,anonymous,HTTP/HTTPS
103.127.1.130,80,anonymous,anonymous,HTTP/HTTPS
50.174.7.158,80,anonymous,anonymous,HTTP/HTTPS
196.223.129.21,80,elite proxy,elite proxy,HTTP/HTTPS
50.172.75.122,80,anonymous,anonymous,HTTP/HTTPS
131.196.42.95,667,transparent,transparent,HTTP/HTTPS
103.158.220.2,83,transparent,transparent,HTTP/HTTPS
180.148.4.74,8080,transparent,transparent,HTTP/HTTPS
195.35.3.117,80,elite proxy,elite proxy,HTTP/HTTPS
113.160.132.158,6889,elite proxy,elite proxy,HTTP/HTTPS
123.205.24.244,8197,anonymous,anonymous,HTTP/HTTPS
47.251.85.12,80,elite proxy,elite proxy,HTTP/HTTPS
23.137.248.197,8888,anonymous,anonymous,HTTP/HTTPS
159.54.149.67,80,elite proxy,elite proxy,HTTP/HTTPS
154.0.12.163,80,elite proxy,elite proxy,HTTP/HTTPS
194.182.178.90,3128,anonymous,anonymous,HTTP/HTTPS
167.172.96.213,80,elite proxy,elite proxy,HTTP/HTTPS
155.94.241.134,3128,anonymous,anonymous,HTTP/HTTPS
162.240.76.92,80,elite proxy,elite proxy,HTTP/HTTPS
172.183.241.1,8080,elite proxy,elite proxy,HTTP/HTTPS
198.74.51.79,8888,anonymous,anonymous,HTTP/HTTPS
193.151.147.183,80,anonymous,anonymous,HTTP/HTTPS
67.43.228.254,19637,transparent,transparent,HTTP/HTTPS
192.73.244.36,80,elite proxy,elite proxy,HTTP/HTTPS
93.171.220.229,8888,anonymous,anonymous,HTTP/HTTPS
113.160.133.214,8080,elite proxy,elite proxy,HTTP/HTTPS
77.232.128.191,80,elite proxy,elite proxy,HTTP/HTTPS
63.209.32.128,6868,elite proxy,elite proxy,HTTP/HTTPS
43.255.113.232,8085,elite proxy,elite proxy,HTTP/HTTPS
148.251.248.244,80,elite proxy,elite proxy,HTTP/HTTPS
172.173.132.85,80,elite proxy,elite proxy,HTTP/HTTPS
194.182.187.78,3128,anonymous,anonymous,HTTP/HTTPS
167.99.124.118,80,anonymous,anonymous,HTTP/HTTPS
188.166.56.246,80,elite proxy,elite proxy,HTTP/HTTPS
113.160.133.31,6889,elite proxy,elite proxy,HTTP/HTTPS
46.35.74.250,8080,transparent,transparent,HTTP/HTTPS
161.34.40.109,3128,transparent,transparent,HTTP/HTTPS
143.198.226.25,80,elite proxy,elite proxy,HTTP/HTTPS
200.19.177.120,80,elite proxy,elite proxy,HTTP/HTTPS
190.92.227.158,443,anonymous,anonymous,HTTP/HTTPS
197.255.125.12,80,elite proxy,elite proxy,HTTP/HTTPS
178.16.130.81,80,elite proxy,elite proxy,HTTP/HTTPS
73.117.183.115,80,elite proxy,elite proxy,HTTP/HTTPS
152.230.215.123,80,elite proxy,elite proxy,HTTP/HTTPS
41.74.91.244,80,elite proxy,elite proxy,HTTP/HTTPS
49.228.131.169,5000,anonymous,anonymous,HTTP/HTTPS
93.190.138.24,37063,Socks4,Socks4,HTTP/HTTPS
194.88.105.15,17187,Socks4,Socks4,HTTP/HTTPS
178.132.0.73,48853,Socks4,Socks4,HTTP/HTTPS
185.132.133.56,31155,Socks4,Socks4,HTTP/HTTPS
116.99.225.244,24050,Socks4,Socks4,HTTP/HTTPS
116.202.198.240,49244,Socks4,Socks4,HTTP/HTTPS
171.248.223.114,1080,Socks4,Socks4,HTTP/HTTPS
103.95.97.42,4153,Socks4,Socks4,HTTP/HTTPS
181.129.74.58,30431,Socks4,Socks4,HTTP/HTTPS
118.91.175.146,5678,Socks4,Socks4,HTTP/HTTPS
5.226.125.10,10801,Socks4,Socks4,HTTP/HTTPS
109.236.82.101,27711,Socks4,Socks4,HTTP/HTTPS
109.236.82.229,35473,Socks4,Socks4,HTTP/HTTPS
110.235.250.155,1080,Socks4,Socks4,HTTP/HTTPS
109.73.38.156,1080,Socks4,Socks4,HTTP/HTTPS
27.147.169.66,1080,Socks4,Socks4,HTTP/HTTPS
118.179.3.204,9090,Socks4,Socks4,HTTP/HTTPS
103.124.139.177,4145,Socks4,Socks4,HTTP/HTTPS
41.139.147.86,5678,Socks4,Socks4,HTTP/HTTPS
43.155.181.24,33333,Socks4,Socks4,HTTP/HTTPS
89.39.106.19,27505,Socks4,Socks4,HTTP/HTTPS
45.116.230.79,4673,Socks4,Socks4,HTTP/HTTPS
138.59.177.117,5678,Socks4,Socks4,HTTP/HTTPS
36.94.110.49,5678,Socks4,Socks4,HTTP/HTTPS
118.179.195.20,4145,Socks4,Socks4,HTTP/HTTPS
217.23.10.13,23111,Socks4,Socks4,HTTP/HTTPS
103.23.101.30,4145,Socks4,Socks4,HTTP/HTTPS
45.181.228.215,4145,Socks4,Socks4,HTTP/HTTPS
85.14.245.72,21517,Socks4,Socks4,HTTP/HTTPS
64.202.186.2,56216,Socks4,Socks4,HTTP/HTTPS
213.14.32.73,4153,Socks4,Socks4,HTTP/HTTPS
109.236.94.75,27481,Socks4,Socks4,HTTP/HTTPS
135.181.47.22,1080,Socks4,Socks4,HTTP/HTTPS
51.38.50.249,9224,Socks4,Socks4,HTTP/HTTPS
36.95.48.45,1080,Socks4,Socks4,HTTP/HTTPS
178.208.10.237,1080,Socks4,Socks4,HTTP/HTTPS
50.235.117.234,39593,Socks4,Socks4,HTTP/HTTPS
149.202.141.205,44488,Socks4,Socks4,HTTP/HTTPS
92.255.88.219,1080,Socks4,Socks4,HTTP/HTTPS
190.2.137.72,23945,Socks4,Socks4,HTTP/HTTPS
89.39.107.236,31995,Socks4,Socks4,HTTP/HTTPS
69.64.52.28,30182,Socks4,Socks4,HTTP/HTTPS
185.78.148.189,5678,Socks4,Socks4,HTTP/HTTPS
190.53.46.11,45535,Socks4,Socks4,HTTP/HTTPS
115.76.203.226,24538,Socks4,Socks4,HTTP/HTTPS
202.29.220.202,61507,Socks4,Socks4,HTTP/HTTPS
93.190.140.175,21821,Socks4,Socks4,HTTP/HTTPS
190.2.145.163,24519,Socks4,Socks4,HTTP/HTTPS
185.78.16.76,5678,Socks4,Socks4,HTTP/HTTPS
185.2.83.21,21179,Socks4,Socks4,HTTP/HTTPS
98.162.25.7,31653,Socks4,Socks4,HTTP/HTTPS
36.95.13.18,5678,Socks4,Socks4,HTTP/HTTPS
45.228.147.239,5678,Socks4,Socks4,HTTP/HTTPS
66.29.128.244,41384,Socks4,Socks4,HTTP/HTTPS
173.214.155.218,61952,Socks4,Socks4,HTTP/HTTPS
109.236.86.203,21445,Socks4,Socks4,HTTP/HTTPS
162.240.239.103,61834,Socks4,Socks4,HTTP/HTTPS
93.190.143.82,34671,Socks4,Socks4,HTTP/HTTPS
171.248.218.18,1080,Socks4,Socks4,HTTP/HTTPS
213.250.198.66,4145,Socks4,Socks4,HTTP/HTTPS
122.3.139.85,1080,Socks4,Socks4,HTTP/HTTPS
103.101.218.158,8080,Socks4,Socks4,HTTP/HTTPS
122.248.38.4,4153,Socks4,Socks4,HTTP/HTTPS
154.72.73.226,4145,Socks4,Socks4,HTTP/HTTPS
109.236.80.130,33939,Socks4,Socks4,HTTP/HTTPS
93.190.141.204,25697,Socks4,Socks4,HTTP/HTTPS
190.2.150.45,34605,Socks4,Socks4,HTTP/HTTPS
89.38.96.110,36093,Socks4,Socks4,HTTP/HTTPS
148.72.214.53,3253,Socks4,Socks4,HTTP/HTTPS
36.64.104.131,4153,Socks4,Socks4,HTTP/HTTPS
161.97.134.22,6802,Socks4,Socks4,HTTP/HTTPS
103.97.94.22,4153,Socks4,Socks4,HTTP/HTTPS
137.184.149.200,62987,Socks4,Socks4,HTTP/HTTPS
168.227.158.33,4145,Socks4,Socks4,HTTP/HTTPS
27.76.198.59,1080,Socks4,Socks4,HTTP/HTTPS
190.14.32.209,5678,Socks4,Socks4,HTTP/HTTPS
109.236.86.66,31091,Socks4,Socks4,HTTP/HTTPS
166.0.235.52,52771,Socks4,Socks4,HTTP/HTTPS
81.200.241.173,1080,Socks4,Socks4,HTTP/HTTPS
212.231.197.29,4145,Socks4,Socks4,HTTP/HTTPS
213.16.81.182,35559,Socks4,Socks4,HTTP/HTTPS
103.82.11.209,4153,Socks4,Socks4,HTTP/HTTPS
72.167.8.5,44774,Socks4,Socks4,HTTP/HTTPS
188.255.245.205,1080,Socks4,Socks4,HTTP/HTTPS
110.74.195.152,1080,Socks4,Socks4,HTTP/HTTPS
118.70.151.55,1080,Socks4,Socks4,HTTP/HTTPS
110.77.149.227,4153,Socks4,Socks4,HTTP/HTTPS
101.109.245.200,4153,Socks4,Socks4,HTTP/HTTPS
187.85.150.170,5678,Socks4,Socks4,HTTP/HTTPS
50.192.49.195,32100,Socks4,Socks4,HTTP/HTTPS
5.22.154.50,60606,Socks4,Socks4,HTTP/HTTPS
170.254.92.198,4153,Socks4,Socks4,HTTP/HTTPS
200.108.190.6,9800,Socks4,Socks4,HTTP/HTTPS
203.174.26.129,4153,Socks4,Socks4,HTTP/HTTPS
76.81.6.107,31008,Socks4,Socks4,HTTP/HTTPS
168.194.226.178,4153,Socks4,Socks4,HTTP/HTTPS
122.117.249.196,4145,Socks4,Socks4,HTTP/HTTPS
51.91.56.222,5138,Socks4,Socks4,HTTP/HTTPS
72.195.34.59,4145,Socks4,Socks4,HTTP/HTTPS
212.126.5.245,42344,Socks4,Socks4,HTTP/HTTPS
164.52.42.2,4145,Socks4,Socks4,HTTP/HTTPS
114.4.241.210,5678,Socks4,Socks4,HTTP/HTTPS
103.221.254.59,1088,Socks4,Socks4,HTTP/HTTPS
85.117.56.146,4145,Socks4,Socks4,HTTP/HTTPS
103.84.178.2,4153,Socks4,Socks4,HTTP/HTTPS
78.83.242.229,4145,Socks4,Socks4,HTTP/HTTPS
171.224.236.143,5313,Socks4,Socks4,HTTP/HTTPS
1.170.110.88,5678,Socks4,Socks4,HTTP/HTTPS
185.165.240.228,16443,Socks4,Socks4,HTTP/HTTPS
68.71.254.6,4145,Socks4,Socks4,HTTP/HTTPS
190.2.131.143,26187,Socks4,Socks4,HTTP/HTTPS
46.36.70.104,46964,Socks4,Socks4,HTTP/HTTPS
46.214.153.223,5678,Socks4,Socks4,HTTP/HTTPS
188.165.223.183,22245,Socks4,Socks4,HTTP/HTTPS
198.12.250.231,7684,Socks4,Socks4,HTTP/HTTPS
109.236.84.37,33225,Socks4,Socks4,HTTP/HTTPS
190.184.144.222,5678,Socks4,Socks4,HTTP/HTTPS
91.229.23.171,31221,Socks4,Socks4,HTTP/HTTPS
109.248.236.150,9898,Socks4,Socks4,HTTP/HTTPS
202.149.67.18,7999,Socks4,Socks4,HTTP/HTTPS
142.93.1.212,9150,Socks4,Socks4,HTTP/HTTPS
89.39.107.100,14543,Socks4,Socks4,HTTP/HTTPS
89.38.97.81,12441,Socks4,Socks4,HTTP/HTTPS
89.39.107.24,17221,Socks4,Socks4,HTTP/HTTPS
92.205.28.187,45634,Socks4,Socks4,HTTP/HTTPS
188.165.220.50,48440,Socks4,Socks4,HTTP/HTTPS
93.190.140.167,14343,Socks4,Socks4,HTTP/HTTPS
212.50.19.150,4153,Socks4,Socks4,HTTP/HTTPS
120.50.13.38,40308,Socks4,Socks4,HTTP/HTTPS
103.127.63.57,5678,Socks4,Socks4,HTTP/HTTPS
182.53.96.56,4145,Socks4,Socks4,HTTP/HTTPS
187.17.201.203,38737,Socks4,Socks4,HTTP/HTTPS
85.239.121.172,4145,Socks4,Socks4,HTTP/HTTPS
162.241.137.197,58788,Socks4,Socks4,HTTP/HTTPS
121.200.62.246,4153,Socks4,Socks4,HTTP/HTTPS
213.19.205.198,1080,Socks4,Socks4,HTTP/HTTPS
138.0.60.20,1080,Socks4,Socks4,HTTP/HTTPS
37.228.65.107,51032,Socks4,Socks4,HTTP/HTTPS
27.75.99.238,6036,Socks4,Socks4,HTTP/HTTPS
212.83.137.165,32593,Socks4,Socks4,HTTP/HTTPS
51.91.97.151,60799,Socks4,Socks4,HTTP/HTTPS
202.79.52.244,5678,Socks4,Socks4,HTTP/HTTPS
45.120.38.246,1088,Socks4,Socks4,HTTP/HTTPS
119.148.1.41,9990,Socks4,Socks4,HTTP/HTTPS
202.40.182.82,60606,Socks4,Socks4,HTTP/HTTPS
197.159.130.134,5678,Socks4,Socks4,HTTP/HTTPS
89.38.97.60,35669,Socks4,Socks4,HTTP/HTTPS
178.132.4.33,11919,Socks4,Socks4,HTTP/HTTPS
104.236.0.129,21896,Socks4,Socks4,HTTP/HTTPS
94.23.4.127,8444,Socks4,Socks4,HTTP/HTTPS
78.90.92.28,5678,Socks4,Socks4,HTTP/HTTPS
8.42.68.125,39593,Socks4,Socks4,HTTP/HTTPS
119.93.122.233,4145,Socks4,Socks4,HTTP/HTTPS
113.53.29.228,13629,Socks4,Socks4,HTTP/HTTPS
89.38.97.93,18363,Socks4,Socks4,HTTP/HTTPS
115.76.204.134,30494,Socks4,Socks4,HTTP/HTTPS
93.190.139.54,28085,Socks4,Socks4,HTTP/HTTPS
64.202.185.223,10922,Socks4,Socks4,HTTP/HTTPS
109.236.84.72,36605,Socks4,Socks4,HTTP/HTTPS
62.112.10.76,37031,Socks4,Socks4,HTTP/HTTPS
5.161.103.22,1080,Socks4,Socks4,HTTP/HTTPS
86.106.182.100,9060,Socks4,Socks4,HTTP/HTTPS
188.92.110.174,1080,Socks4,Socks4,HTTP/HTTPS
116.99.235.54,24242,Socks4,Socks4,HTTP/HTTPS
111.68.127.170,4153,Socks4,Socks4,HTTP/HTTPS
109.236.93.23,16815,Socks4,Socks4,HTTP/HTTPS
196.43.106.62,5678,Socks4,Socks4,HTTP/HTTPS
66.29.129.54,65215,Socks4,Socks4,HTTP/HTTPS
77.77.26.152,4153,Socks4,Socks4,HTTP/HTTPS
93.190.139.161,30503,Socks4,Socks4,HTTP/HTTPS
178.132.1.120,36345,Socks4,Socks4,HTTP/HTTPS
148.113.161.228,5365,Socks4,Socks4,HTTP/HTTPS
130.193.126.244,5678,Socks4,Socks4,HTTP/HTTPS
45.6.101.97,4153,Socks4,Socks4,HTTP/HTTPS
75.41.145.46,5678,Socks4,Socks4,HTTP/HTTPS
103.109.59.77,1080,Socks4,Socks4,HTTP/HTTPS
185.237.84.209,4153,Socks4,Socks4,HTTP/HTTPS
95.216.124.2,1080,Socks4,Socks4,HTTP/HTTPS
109.236.91.64,13249,Socks4,Socks4,HTTP/HTTPS
212.102.103.134,4153,Socks4,Socks4,HTTP/HTTPS
182.52.83.23,4145,Socks4,Socks4,HTTP/HTTPS
62.112.9.200,30173,Socks4,Socks4,HTTP/HTTPS
31.163.192.152,4153,Socks4,Socks4,HTTP/HTTPS
51.68.230.210,62164,Socks4,Socks4,HTTP/HTTPS
93.190.141.73,36677,Socks4,Socks4,HTTP/HTTPS
93.190.139.246,25181,Socks4,Socks4,HTTP/HTTPS
208.109.13.219,52144,Socks4,Socks4,HTTP/HTTPS
110.78.164.224,5678,Socks4,Socks4,HTTP/HTTPS
160.248.80.91,465,Socks4,Socks4,HTTP/HTTPS
162.241.92.241,55786,Socks4,Socks4,HTTP/HTTPS
173.240.248.38,4145,Socks4,Socks4,HTTP/HTTPS
125.227.169.85,38157,Socks4,Socks4,HTTP/HTTPS
116.99.229.132,44298,Socks4,Socks4,HTTP/HTTPS
104.236.52.89,51614,Socks4,Socks4,HTTP/HTTPS
109.236.81.34,20749,Socks4,Socks4,HTTP/HTTPS
50.116.29.251,9711,Socks4,Socks4,HTTP/HTTPS
91.229.23.11,16555,Socks4,Socks4,HTTP/HTTPS
81.16.9.222,3629,Socks4,Socks4,HTTP/HTTPS
62.112.8.67,35817,Socks4,Socks4,HTTP/HTTPS
200.91.251.180,3629,Socks4,Socks4,HTTP/HTTPS
89.39.104.214,33369,Socks4,Socks4,HTTP/HTTPS
97.105.12.186,4153,Socks4,Socks4,HTTP/HTTPS
110.78.148.238,4145,Socks4,Socks4,HTTP/HTTPS
178.62.69.186,61277,Socks4,Socks4,HTTP/HTTPS
109.236.90.73,22423,Socks4,Socks4,HTTP/HTTPS
89.39.106.41,16199,Socks4,Socks4,HTTP/HTTPS
213.149.156.87,5678,Socks4,Socks4,HTTP/HTTPS
171.248.221.104,1080,Socks4,Socks4,HTTP/HTTPS
202.43.191.14,5430,Socks4,Socks4,HTTP/HTTPS
66.135.227.178,4145,Socks4,Socks4,HTTP/HTTPS
36.89.56.127,5678,Socks4,Socks4,HTTP/HTTPS
94.72.158.129,4153,Socks4,Socks4,HTTP/HTTPS
91.232.105.67,14025,Socks4,Socks4,HTTP/HTTPS
193.29.62.48,26699,Socks4,Socks4,HTTP/HTTPS
223.26.16.1,5678,Socks4,Socks4,HTTP/HTTPS
37.186.66.36,3629,Socks4,Socks4,HTTP/HTTPS
51.161.33.206,20948,Socks4,Socks4,HTTP/HTTPS
103.96.38.161,80,Socks4,Socks4,HTTP/HTTPS
94.23.222.122,58527,Socks4,Socks4,HTTP/HTTPS
109.236.93.35,16453,Socks4,Socks4,HTTP/HTTPS
102.39.156.37,1080,Socks4,Socks4,HTTP/HTTPS
51.250.107.5,2333,Socks4,Socks4,HTTP/HTTPS
188.173.14.99,36835,Socks4,Socks4,HTTP/HTTPS
80.79.6.171,27901,Socks4,Socks4,HTTP/HTTPS
89.39.107.137,35895,Socks4,Socks4,HTTP/HTTPS
45.144.167.12,12687,Socks4,Socks4,HTTP/HTTPS
51.161.131.84,56938,Socks4,Socks4,HTTP/HTTPS
132.148.166.129,56297,Socks4,Socks4,HTTP/HTTPS
175.110.115.54,34005,Socks4,Socks4,HTTP/HTTPS
109.236.88.82,38213,Socks4,Socks4,HTTP/HTTPS
89.38.98.186,35683,Socks4,Socks4,HTTP/HTTPS
190.2.142.30,32327,Socks4,Socks4,HTTP/HTTPS
175.110.113.236,32307,Socks4,Socks4,HTTP/HTTPS
79.106.34.2,4145,Socks4,Socks4,HTTP/HTTPS
87.247.53.210,4145,Socks4,Socks4,HTTP/HTTPS
190.104.219.147,4153,Socks4,Socks4,HTTP/HTTPS
45.236.153.98,4145,Socks4,Socks4,HTTP/HTTPS
45.144.30.232,443,Socks4,Socks4,HTTP/HTTPS
45.180.114.26,1080,Socks4,Socks4,HTTP/HTTPS
5.63.186.31,1080,Socks4,Socks4,HTTP/HTTPS
93.190.139.25,31585,Socks4,Socks4,HTTP/HTTPS
70.166.167.55,57745,Socks4,Socks4,HTTP/HTTPS
190.57.131.158,1080,Socks4,Socks4,HTTP/HTTPS
37.221.193.221,20207,Socks4,Socks4,HTTP/HTTPS
89.39.106.32,24213,Socks4,Socks4,HTTP/HTTPS
142.93.60.52,9150,Socks4,Socks4,HTTP/HTTPS
37.52.50.28,5678,Socks4,Socks4,HTTP/HTTPS
188.166.178.60,65311,Socks4,Socks4,HTTP/HTTPS
66.29.128.243,64114,Socks4,Socks4,HTTP/HTTPS
96.126.125.167,46947,Socks4,Socks4,HTTP/HTTPS
89.38.96.202,19179,Socks4,Socks4,HTTP/HTTPS
94.40.127.166,4145,Socks4,Socks4,HTTP/HTTPS
92.205.110.118,21618,Socks4,Socks4,HTTP/HTTPS
178.132.4.100,16633,Socks4,Socks4,HTTP/HTTPS
109.236.91.27,20281,Socks4,Socks4,HTTP/HTTPS
103.59.203.161,4145,Socks4,Socks4,HTTP/HTTPS
108.179.219.56,61483,Socks4,Socks4,HTTP/HTTPS
195.168.91.238,4153,Socks4,Socks4,HTTP/HTTPS
88.255.106.25,1080,Socks4,Socks4,HTTP/HTTPS
103.118.47.74,4145,Socks4,Socks4,HTTP/HTTPS
109.238.12.156,29432,Socks4,Socks4,HTTP/HTTPS
178.132.3.56,16561,Socks4,Socks4,HTTP/HTTPS
43.131.233.82,33333,Socks4,Socks4,HTTP/HTTPS
109.123.254.43,63771,Socks4,Socks4,HTTP/HTTPS
178.72.90.70,5678,Socks4,Socks4,HTTP/HTTPS
62.112.11.202,18115,Socks4,Socks4,HTTP/HTTPS
103.233.103.237,4153,Socks4,Socks4,HTTP/HTTPS
103.88.126.170,5678,Socks4,Socks4,HTTP/HTTPS
122.52.187.137,5678,Socks4,Socks4,HTTP/HTTPS
174.77.111.198,49547,Socks4,Socks4,HTTP/HTTPS
14.232.166.150,5678,Socks4,Socks4,HTTP/HTTPS
62.112.10.35,27071,Socks4,Socks4,HTTP/HTTPS
49.128.180.110,4145,Socks4,Socks4,HTTP/HTTPS
118.71.99.233,5678,Socks4,Socks4,HTTP/HTTPS
89.39.105.228,24443,Socks4,Socks4,HTTP/HTTPS
159.192.97.129,5678,Socks4,Socks4,HTTP/HTTPS
51.38.82.248,37857,Socks4,Socks4,HTTP/HTTPS
176.126.84.126,19613,Socks4,Socks4,HTTP/HTTPS
197.234.13.54,4145,Socks4,Socks4,HTTP/HTTPS
62.112.9.143,26125,Socks4,Socks4,HTTP/HTTPS
62.112.10.200,31633,Socks4,Socks4,HTTP/HTTPS
202.29.231.46,61507,Socks4,Socks4,HTTP/HTTPS
213.250.198.146,7777,Socks4,Socks4,HTTP/HTTPS
45.6.95.66,4153,Socks4,Socks4,HTTP/HTTPS
107.180.95.93,3609,Socks4,Socks4,HTTP/HTTPS
91.232.105.44,18547,Socks4,Socks4,HTTP/HTTPS
194.163.134.71,16648,Socks4,Socks4,HTTP/HTTPS
176.241.82.149,5678,Socks4,Socks4,HTTP/HTTPS
200.6.135.103,80,Socks4,Socks4,HTTP/HTTPS
93.190.138.216,31035,Socks4,Socks4,HTTP/HTTPS
188.64.113.104,1080,Socks4,Socks4,HTTP/HTTPS
209.198.43.52,5678,Socks4,Socks4,HTTP/HTTPS
162.240.73.148,63331,Socks4,Socks4,HTTP/HTTPS
212.8.240.78,11421,Socks4,Socks4,HTTP/HTTPS
80.191.46.59,1080,Socks4,Socks4,HTTP/HTTPS
93.190.143.148,29621,Socks4,Socks4,HTTP/HTTPS
159.192.139.42,5678,Socks4,Socks4,HTTP/HTTPS
185.226.113.180,38030,Socks4,Socks4,HTTP/HTTPS
37.114.47.199,11968,Socks4,Socks4,HTTP/HTTPS
195.164.138.34,1080,Socks4,Socks4,HTTP/HTTPS
34.122.187.196,80,elite proxy,elite proxy,HTTP/HTTPS
198.49.68.80,80,elite proxy,elite proxy,HTTP/HTTPS
137.184.6.203,8081,elite proxy,elite proxy,HTTP/HTTPS
108.170.12.13,80,elite proxy,elite proxy,HTTP/HTTPS
143.198.226.25,80,elite proxy,elite proxy,HTTP/HTTPS
209.126.6.159,80,elite proxy,elite proxy,HTTP/HTTPS
167.102.133.105,80,anonymous,anonymous,HTTP/HTTPS
167.102.133.111,80,anonymous,anonymous,HTTP/HTTPS
128.199.12.12,80,elite proxy,elite proxy,HTTP/HTTPS
4.155.2.13,9480,elite proxy,elite proxy,HTTP/HTTPS
167.102.133.106,80,anonymous,anonymous,HTTP/HTTPS
35.185.196.38,3128,anonymous,anonymous,HTTP/HTTPS
198.199.86.11,8080,anonymous,anonymous,HTTP/HTTPS
172.173.132.85,80,elite proxy,elite proxy,HTTP/HTTPS
138.91.159.185,80,elite proxy,elite proxy,HTTP/HTTPS
50.168.72.112,80,anonymous,anonymous,HTTP/HTTPS
50.222.245.43,80,anonymous,anonymous,HTTP/HTTPS
50.174.7.158,80,anonymous,anonymous,HTTP/HTTPS
157.245.95.247,443,elite proxy,elite proxy,HTTP/HTTPS
50.168.72.122,80,anonymous,anonymous,HTTP/HTTPS
50.171.187.51,80,anonymous,anonymous,HTTP/HTTPS
50.222.245.46,80,anonymous,anonymous,HTTP/HTTPS
50.232.104.86,80,anonymous,anonymous,HTTP/HTTPS
50.218.57.69,80,anonymous,anonymous,HTTP/HTTPS
50.218.57.64,80,anonymous,anonymous,HTTP/HTTPS
50.218.57.66,80,anonymous,anonymous,HTTP/HTTPS
96.113.158.126,80,anonymous,anonymous,HTTP/HTTPS
50.220.168.134,80,anonymous,anonymous,HTTP/HTTPS
74.48.78.52,80,elite proxy,elite proxy,HTTP/HTTPS
50.174.145.9,80,anonymous,anonymous,HTTP/HTTPS
50.168.72.119,80,anonymous,anonymous,HTTP/HTTPS
50.223.38.6,80,anonymous,anonymous,HTTP/HTTPS
50.172.75.126,80,anonymous,anonymous,HTTP/HTTPS
50.168.72.117,80,anonymous,anonymous,HTTP/HTTPS
50.168.72.118,80,anonymous,anonymous,HTTP/HTTPS
50.168.72.113,80,anonymous,anonymous,HTTP/HTTPS
50.207.199.87,80,anonymous,anonymous,HTTP/HTTPS
50.145.24.176,80,anonymous,anonymous,HTTP/HTTPS
104.165.169.49,3128,transparent,transparent,HTTP/HTTPS
50.175.212.77,80,anonymous,anonymous,HTTP/HTTPS
50.230.222.202,80,anonymous,anonymous,HTTP/HTTPS
50.223.239.185,80,anonymous,anonymous,HTTP/HTTPS
50.223.239.183,80,anonymous,anonymous,HTTP/HTTPS
50.168.72.116,80,anonymous,anonymous,HTTP/HTTPS
50.144.166.226,80,anonymous,anonymous,HTTP/HTTPS
50.222.245.44,80,anonymous,anonymous,HTTP/HTTPS
50.231.172.74,80,anonymous,anonymous,HTTP/HTTPS
50.223.246.237,80,anonymous,anonymous,HTTP/HTTPS
50.223.239.175,80,anonymous,anonymous,HTTP/HTTPS
50.223.239.177,80,anonymous,anonymous,HTTP/HTTPS
50.174.145.14,80,anonymous,anonymous,HTTP/HTTPS
50.171.187.50,80,anonymous,anonymous,HTTP/HTTPS
50.223.239.168,80,anonymous,anonymous,HTTP/HTTPS
50.144.168.74,80,anonymous,anonymous,HTTP/HTTPS
50.222.245.45,80,anonymous,anonymous,HTTP/HTTPS
50.171.177.124,80,anonymous,anonymous,HTTP/HTTPS
50.207.199.86,80,anonymous,anonymous,HTTP/HTTPS
50.175.212.66,80,anonymous,anonymous,HTTP/HTTPS
50.223.246.226,80,anonymous,anonymous,HTTP/HTTPS
50.223.239.191,80,anonymous,anonymous,HTTP/HTTPS
50.223.242.100,80,anonymous,anonymous,HTTP/HTTPS
50.144.189.54,80,anonymous,anonymous,HTTP/HTTPS
50.218.57.74,80,anonymous,anonymous,HTTP/HTTPS
50.218.57.68,80,anonymous,anonymous,HTTP/HTTPS
24.205.201.186,80,anonymous,anonymous,HTTP/HTTPS
50.207.199.80,80,anonymous,anonymous,HTTP/HTTPS
50.218.57.71,80,anonymous,anonymous,HTTP/HTTPS
139.60.209.2,80,anonymous,anonymous,HTTP/HTTPS
50.218.57.70,80,anonymous,anonymous,HTTP/HTTPS
50.223.242.97,80,anonymous,anonymous,HTTP/HTTPS
50.218.57.67,80,anonymous,anonymous,HTTP/HTTPS
50.146.203.174,80,anonymous,anonymous,HTTP/HTTPS
50.231.104.58,80,anonymous,anonymous,HTTP/HTTPS
50.171.177.126,80,anonymous,anonymous,HTTP/HTTPS
50.122.86.118,80,anonymous,anonymous,HTTP/HTTPS
50.218.204.99,80,anonymous,anonymous,HTTP/HTTPS
50.172.75.122,80,anonymous,anonymous,HTTP/HTTPS
173.255.119.18,80,elite proxy,elite proxy,HTTP/HTTPS
50.223.242.103,80,anonymous,anonymous,HTTP/HTTPS
50.174.145.10,80,anonymous,anonymous,HTTP/HTTPS
50.174.145.15,80,anonymous,anonymous,HTTP/HTTPS
50.239.72.19,80,anonymous,anonymous,HTTP/HTTPS
50.172.75.120,80,anonymous,anonymous,HTTP/HTTPS
50.172.75.121,80,anonymous,anonymous,HTTP/HTTPS
50.172.39.98,80,anonymous,anonymous,HTTP/HTTPS
50.174.145.12,80,anonymous,anonymous,HTTP/HTTPS
50.174.7.162,80,anonymous,anonymous,HTTP/HTTPS
147.182.180.242,80,elite proxy,elite proxy,HTTP/HTTPS
50.239.72.17,80,anonymous,anonymous,HTTP/HTTPS
50.174.7.156,80,anonymous,anonymous,HTTP/HTTPS
50.231.110.26,80,anonymous,anonymous,HTTP/HTTPS
50.217.226.45,80,anonymous,anonymous,HTTP/HTTPS
50.174.7.157,80,anonymous,anonymous,HTTP/HTTPS
68.178.203.69,8899,anonymous,anonymous,HTTP/HTTPS
50.239.72.18,80,anonymous,anonymous,HTTP/HTTPS
50.217.226.47,80,anonymous,anonymous,HTTP/HTTPS
50.217.226.43,80,anonymous,anonymous,HTTP/HTTPS
50.207.199.84,80,anonymous,anonymous,HTTP/HTTPS
50.221.74.130,80,anonymous,anonymous,HTTP/HTTPS
50.207.199.81,80,anonymous,anonymous,HTTP/HTTPS
143.110.232.177,80,elite proxy,elite proxy,HTTP/HTTPS
50.207.199.82,80,anonymous,anonymous,HTTP/HTTPS
50.239.72.16,80,anonymous,anonymous,HTTP/HTTPS
50.217.226.46,80,anonymous,anonymous,HTTP/HTTPS
50.168.7.250,80,anonymous,anonymous,HTTP/HTTPS
50.218.204.103,80,anonymous,anonymous,HTTP/HTTPS
50.223.239.165,80,anonymous,anonymous,HTTP/HTTPS
50.145.24.186,80,anonymous,anonymous,HTTP/HTTPS
50.175.212.76,80,anonymous,anonymous,HTTP/HTTPS
50.223.239.173,80,anonymous,anonymous,HTTP/HTTPS
50.145.24.181,80,anonymous,anonymous,HTTP/HTTPS
50.174.7.159,80,anonymous,anonymous,HTTP/HTTPS
104.238.37.43,6600,transparent,transparent,HTTP/HTTPS
23.228.108.172,6562,transparent,transparent,HTTP/HTTPS
38.154.194.76,9489,transparent,transparent,HTTP/HTTPS
156.239.55.223,3128,transparent,transparent,HTTP/HTTPS
156.239.52.120,3128,transparent,transparent,HTTP/HTTPS
50.173.182.90,80,anonymous,anonymous,HTTP/HTTPS
50.172.75.127,80,anonymous,anonymous,HTTP/HTTPS
50.217.226.41,80,anonymous,anonymous,HTTP/HTTPS
50.222.245.42,80,anonymous,anonymous,HTTP/HTTPS
50.171.122.30,80,anonymous,anonymous,HTTP/HTTPS
50.222.245.40,80,anonymous,anonymous,HTTP/HTTPS
50.222.245.41,80,anonymous,anonymous,HTTP/HTTPS
50.222.245.50,80,anonymous,anonymous,HTTP/HTTPS
50.237.207.186,80,anonymous,anonymous,HTTP/HTTPS
50.223.239.194,80,anonymous,anonymous,HTTP/HTTPS
50.169.135.10,80,anonymous,anonymous,HTTP/HTTPS
50.217.226.44,80,anonymous,anonymous,HTTP/HTTPS
50.218.204.96,80,anonymous,anonymous,HTTP/HTTPS
50.218.224.35,80,anonymous,anonymous,HTTP/HTTPS
50.218.57.65,80,anonymous,anonymous,HTTP/HTTPS
50.172.75.124,80,anonymous,anonymous,HTTP/HTTPS
50.169.37.50,80,anonymous,anonymous,HTTP/HTTPS
50.218.204.106,80,anonymous,anonymous,HTTP/HTTPS
50.175.212.72,80,anonymous,anonymous,HTTP/HTTPS
32.223.6.94,80,anonymous,anonymous,HTTP/HTTPS
50.172.75.125,80,anonymous,anonymous,HTTP/HTTPS
50.175.212.79,80,anonymous,anonymous,HTTP/HTTPS
50.174.145.13,80,anonymous,anonymous,HTTP/HTTPS
50.221.230.186,80,anonymous,anonymous,HTTP/HTTPS
50.172.75.123,80,anonymous,anonymous,HTTP/HTTPS
50.222.245.47,80,anonymous,anonymous,HTTP/HTTPS
68.185.57.66,80,anonymous,anonymous,HTTP/HTTPS
50.174.7.153,80,anonymous,anonymous,HTTP/HTTPS
50.174.7.152,80,anonymous,anonymous,HTTP/HTTPS
50.174.145.8,80,anonymous,anonymous,HTTP/HTTPS
50.168.72.114,80,anonymous,anonymous,HTTP/HTTPS
216.137.184.253,80,elite proxy,elite proxy,HTTP/HTTPS
50.217.226.40,80,anonymous,anonymous,HTTP/HTTPS
50.202.75.26,80,anonymous,anonymous,HTTP/HTTPS
50.217.226.42,80,anonymous,anonymous,HTTP/HTTPS
192.73.244.36,80,elite proxy,elite proxy,HTTP/HTTPS
50.174.7.154,80,anonymous,anonymous,HTTP/HTTPS
167.99.124.118,80,anonymous,anonymous,HTTP/HTTPS
162.214.165.203,80,elite proxy,elite proxy,HTTP/HTTPS
193.122.197.154,80,transparent,transparent,HTTP/HTTPS
172.183.241.1,8080,elite proxy,elite proxy,HTTP/HTTPS
138.68.60.8,8080,anonymous,anonymous,HTTP/HTTPS
43.153.75.22,80,anonymous,anonymous,HTTP/HTTPS
162.245.85.220,80,elite proxy,elite proxy,HTTP/HTTPS
34.23.45.223,80,elite proxy,elite proxy,HTTP/HTTPS
154.202.115.186,3128,transparent,transparent,HTTP/HTTPS
154.202.116.175,3128,transparent,transparent,HTTP/HTTPS
152.32.148.233,3128,transparent,transparent,HTTP/HTTPS
156.239.49.24,3128,transparent,transparent,HTTP/HTTPS
91.246.51.250,8085,transparent,transparent,HTTP/HTTPS
156.239.50.190,3128,transparent,transparent,HTTP/HTTPS
154.202.119.189,3128,transparent,transparent,HTTP/HTTPS
104.207.58.128,3128,transparent,transparent,HTTP/HTTPS
154.202.117.24,3128,transparent,transparent,HTTP/HTTPS
156.239.49.246,3128,transparent,transparent,HTTP/HTTPS
154.29.232.85,6745,transparent,transparent,HTTP/HTTPS
156.239.55.6,3128,transparent,transparent,HTTP/HTTPS
156.239.55.64,3128,transparent,transparent,HTTP/HTTPS
104.207.60.102,3128,transparent,transparent,HTTP/HTTPS
104.165.127.113,3128,transparent,transparent,HTTP/HTTPS
104.252.131.24,3128,transparent,transparent,HTTP/HTTPS
157.52.233.84,5711,transparent,transparent,HTTP/HTTPS
104.165.169.133,3128,transparent,transparent,HTTP/HTTPS
104.165.169.85,3128,transparent,transparent,HTTP/HTTPS
154.202.125.235,3128,transparent,transparent,HTTP/HTTPS
156.239.53.101,3128,transparent,transparent,HTTP/HTTPS
64.64.115.171,5806,transparent,transparent,HTTP/HTTPS
104.207.47.178,3128,transparent,transparent,HTTP/HTTPS
192.210.191.222,6208,transparent,transparent,HTTP/HTTPS
104.165.127.12,3128,transparent,transparent,HTTP/HTTPS
134.73.104.9,6643,transparent,transparent,HTTP/HTTPS
104.207.62.60,3128,transparent,transparent,HTTP/HTTPS
161.123.130.224,5895,transparent,transparent,HTTP/HTTPS
156.239.49.173,3128,transparent,transparent,HTTP/HTTPS
64.64.118.81,6664,transparent,transparent,HTTP/HTTPS
198.46.241.87,6622,transparent,transparent,HTTP/HTTPS
154.202.119.93,3128,transparent,transparent,HTTP/HTTPS
104.165.127.97,3128,transparent,transparent,HTTP/HTTPS
161.123.151.99,6083,transparent,transparent,HTTP/HTTPS
107.173.137.217,6471,transparent,transparent,HTTP/HTTPS
192.210.132.40,6010,transparent,transparent,HTTP/HTTPS
104.165.127.49,3128,transparent,transparent,HTTP/HTTPS
104.164.183.137,3128,transparent,transparent,HTTP/HTTPS
51.89.14.70,80,elite proxy,elite proxy,HTTP/HTTPS
51.75.206.209,80,elite proxy,elite proxy,HTTP/HTTPS
51.89.73.162,80,elite proxy,elite proxy,HTTP/HTTPS
107.181.152.69,5106,transparent,transparent,HTTP/HTTPS
45.43.65.148,6662,transparent,transparent,HTTP/HTTPS
104.250.205.245,5992,transparent,transparent,HTTP/HTTPS
204.217.245.68,6659,transparent,transparent,HTTP/HTTPS
45.43.71.150,6748,transparent,transparent,HTTP/HTTPS
204.217.245.161,6752,transparent,transparent,HTTP/HTTPS
198.105.101.162,5791,transparent,transparent,HTTP/HTTPS
64.137.92.126,6325,transparent,transparent,HTTP/HTTPS
198.105.108.222,6244,transparent,transparent,HTTP/HTTPS
206.232.13.92,5758,transparent,transparent,HTTP/HTTPS
104.250.203.129,5819,transparent,transparent,HTTP/HTTPS
104.250.203.153,5843,transparent,transparent,HTTP/HTTPS
45.43.84.193,6818,transparent,transparent,HTTP/HTTPS
64.137.92.112,6311,transparent,transparent,HTTP/HTTPS
104.249.29.33,5726,transparent,transparent,HTTP/HTTPS
107.181.154.219,5897,transparent,transparent,HTTP/HTTPS
45.135.139.219,6522,transparent,transparent,HTTP/HTTPS
107.181.152.160,5197,transparent,transparent,HTTP/HTTPS
104.233.12.214,6765,transparent,transparent,HTTP/HTTPS
104.143.252.53,5667,transparent,transparent,HTTP/HTTPS
104.250.205.126,5873,transparent,transparent,HTTP/HTTPS
217.69.126.23,5893,transparent,transparent,HTTP/HTTPS
155.254.49.73,6633,transparent,transparent,HTTP/HTTPS
64.137.71.69,5887,transparent,transparent,HTTP/HTTPS
104.143.224.229,6090,transparent,transparent,HTTP/HTTPS
45.43.70.140,6427,transparent,transparent,HTTP/HTTPS
155.254.48.153,6059,transparent,transparent,HTTP/HTTPS
217.69.126.8,5878,transparent,transparent,HTTP/HTTPS
45.135.139.78,6381,transparent,transparent,HTTP/HTTPS
45.43.82.18,6012,transparent,transparent,HTTP/HTTPS
204.217.245.188,6779,transparent,transparent,HTTP/HTTPS
107.181.148.237,6097,transparent,transparent,HTTP/HTTPS
198.105.101.195,5824,transparent,transparent,HTTP/HTTPS
217.69.126.60,5930,transparent,transparent,HTTP/HTTPS
107.181.143.184,6315,transparent,transparent,HTTP/HTTPS
198.105.101.240,5869,transparent,transparent,HTTP/HTTPS
107.181.143.42,6173,transparent,transparent,HTTP/HTTPS
45.43.81.137,5784,transparent,transparent,HTTP/HTTPS
217.69.126.211,6081,transparent,transparent,HTTP/HTTPS
104.239.53.183,7601,transparent,transparent,HTTP/HTTPS
204.217.245.250,6841,transparent,transparent,HTTP/HTTPS
198.105.100.175,6426,transparent,transparent,HTTP/HTTPS
198.105.100.112,6363,transparent,transparent,HTTP/HTTPS
217.69.121.20,5685,transparent,transparent,HTTP/HTTPS
155.254.49.170,6730,transparent,transparent,HTTP/HTTPS
107.181.152.209,5246,transparent,transparent,HTTP/HTTPS
217.69.126.120,5990,transparent,transparent,HTTP/HTTPS
107.181.132.58,6036,transparent,transparent,HTTP/HTTPS
64.137.70.199,5750,transparent,transparent,HTTP/HTTPS
104.143.251.65,6327,transparent,transparent,HTTP/HTTPS
104.167.6.218,80,transparent,transparent,HTTP/HTTPS
104.238.10.163,6109,transparent,transparent,HTTP/HTTPS
104.239.105.146,6676,transparent,transparent,HTTP/HTTPS
104.143.252.198,5812,transparent,transparent,HTTP/HTTPS
104.238.10.172,6118,transparent,transparent,HTTP/HTTPS
104.239.53.126,7544,transparent,transparent,HTTP/HTTPS
104.250.200.243,6493,transparent,transparent,HTTP/HTTPS
134.209.29.120,3128,anonymous,anonymous,HTTP/HTTPS
216.173.76.18,6645,transparent,transparent,HTTP/HTTPS
216.173.76.86,6713,transparent,transparent,HTTP/HTTPS
217.69.121.208,5873,transparent,transparent,HTTP/HTTPS
104.250.204.247,6338,transparent,transparent,HTTP/HTTPS
138.128.153.79,5113,transparent,transparent,HTTP/HTTPS
45.43.83.1,6284,transparent,transparent,HTTP/HTTPS
104.239.53.242,7660,transparent,transparent,HTTP/HTTPS
64.137.92.208,6407,transparent,transparent,HTTP/HTTPS
107.181.148.244,6104,transparent,transparent,HTTP/HTTPS
107.181.143.26,6157,transparent,transparent,HTTP/HTTPS
104.143.226.21,5624,transparent,transparent,HTTP/HTTPS
206.232.13.118,5784,transparent,transparent,HTTP/HTTPS
104.143.251.173,6435,transparent,transparent,HTTP/HTTPS
104.249.55.188,6556,transparent,transparent,HTTP/HTTPS
64.137.71.182,6000,transparent,transparent,HTTP/HTTPS
104.233.26.73,5911,transparent,transparent,HTTP/HTTPS
45.43.84.42,6667,transparent,transparent,HTTP/HTTPS
104.239.53.109,7527,transparent,transparent,HTTP/HTTPS
198.105.108.19,6041,transparent,transparent,HTTP/HTTPS
45.43.65.15,6529,transparent,transparent,HTTP/HTTPS
104.250.203.162,5852,transparent,transparent,HTTP/HTTPS
198.105.108.161,6183,transparent,transparent,HTTP/HTTPS
104.250.204.65,6156,transparent,transparent,HTTP/HTTPS
104.143.224.123,5984,transparent,transparent,HTTP/HTTPS
198.105.108.207,6229,transparent,transparent,HTTP/HTTPS
217.69.127.243,6864,transparent,transparent,HTTP/HTTPS
45.43.84.26,6651,transparent,transparent,HTTP/HTTPS
198.105.108.160,6182,transparent,transparent,HTTP/HTTPS
45.43.70.161,6448,transparent,transparent,HTTP/HTTPS
206.232.13.204,5870,transparent,transparent,HTTP/HTTPS
198.105.100.32,6283,transparent,transparent,HTTP/HTTPS
204.217.245.35,6626,transparent,transparent,HTTP/HTTPS
107.181.148.142,6002,transparent,transparent,HTTP/HTTPS
104.250.205.28,5775,transparent,transparent,HTTP/HTTPS
217.69.121.244,5909,transparent,transparent,HTTP/HTTPS
104.143.224.146,6007,transparent,transparent,HTTP/HTTPS
217.69.121.127,5792,transparent,transparent,HTTP/HTTPS
45.43.64.230,6488,transparent,transparent,HTTP/HTTPS
217.69.121.144,5809,transparent,transparent,HTTP/HTTPS
35.185.196.38,3128,anonymous,anonymous,HTTP/HTTPS
43.132.124.11,3128,anonymous,anonymous,HTTP/HTTPS
172.183.241.1,8080,elite proxy,elite proxy,HTTP/HTTPS
8.219.97.248,80,anonymous,anonymous,HTTP/HTTPS
203.109.4.187,18092,elite proxy,elite proxy,HTTP/HTTPS
62.236.76.83,8085,anonymous,anonymous,HTTP/HTTPS
223.135.156.183,8080,elite proxy,elite proxy,HTTP/HTTPS
172.245.10.132,34567,elite proxy,elite proxy,HTTP/HTTPS
113.160.132.15,8080,elite proxy,elite proxy,HTTP/HTTPS
114.129.2.82,8081,elite proxy,elite proxy,HTTP/HTTPS
172.245.12.55,34567,elite proxy,elite proxy,HTTP/HTTPS
113.160.132.158,6889,elite proxy,elite proxy,HTTP/HTTPS
113.160.133.31,6889,elite proxy,elite proxy,HTTP/HTTPS
189.240.60.168,9090,elite proxy,elite proxy,HTTP/HTTPS
38.91.101.96,8850,elite proxy,elite proxy,HTTP/HTTPS
148.72.140.24,30127,elite proxy,elite proxy,HTTP/HTTPS
171.239.138.216,4003,anonymous,anonymous,HTTP/HTTPS
147.28.145.213,10089,anonymous,anonymous,HTTP/HTTPS
148.72.165.7,30127,elite proxy,elite proxy,HTTP/HTTPS
20.119.77.88,8181,elite proxy,elite proxy,HTTP/HTTPS
192.121.102.80,8118,elite proxy,elite proxy,HTTP/HTTPS
4.155.2.13,9480,elite proxy,elite proxy,HTTP/HTTPS
94.101.185.188,13699,elite proxy,elite proxy,HTTP/HTTPS
195.201.34.206,80,elite proxy,elite proxy,HTTP/HTTPS
5.202.149.187,8080,elite proxy,elite proxy,HTTP/HTTPS
221.140.235.236,5002,elite proxy,elite proxy,HTTP/HTTPS
34.92.250.88,11111,anonymous,anonymous,HTTP/HTTPS
172.233.120.58,8000,elite proxy,elite proxy,HTTP/HTTPS
37.24.165.222,3128,elite proxy,elite proxy,HTTP/HTTPS
203.205.9.105,8080,anonymous,anonymous,HTTP/HTTPS
221.140.235.237,5002,elite proxy,elite proxy,HTTP/HTTPS
45.9.26.254,8090,elite proxy,elite proxy,HTTP/HTTPS
3.96.202.153,20002,elite proxy,elite proxy,HTTP/HTTPS
134.122.26.11,80,elite proxy,elite proxy,HTTP/HTTPS
114.220.34.213,7788,anonymous,anonymous,HTTP/HTTPS
216.155.152.250,38080,elite proxy,elite proxy,HTTP/HTTPS
8.215.62.141,7777,elite proxy,elite proxy,HTTP/HTTPS
172.245.12.58,34567,elite proxy,elite proxy,HTTP/HTTPS
50.207.199.86,80,anonymous,anonymous,HTTP/HTTPS
50.171.187.50,80,anonymous,anonymous,HTTP/HTTPS
50.174.145.12,80,anonymous,anonymous,HTTP/HTTPS
50.171.177.126,80,anonymous,anonymous,HTTP/HTTPS
50.207.199.84,80,anonymous,anonymous,HTTP/HTTPS
82.119.96.254,80,anonymous,anonymous,HTTP/HTTPS
50.146.203.174,80,anonymous,anonymous,HTTP/HTTPS
50.172.39.98,80,anonymous,anonymous,HTTP/HTTPS
50.174.145.15,80,anonymous,anonymous,HTTP/HTTPS
50.223.246.226,80,anonymous,anonymous,HTTP/HTTPS
50.239.72.19,80,anonymous,anonymous,HTTP/HTTPS
50.174.7.162,80,anonymous,anonymous,HTTP/HTTPS
50.223.246.237,80,anonymous,anonymous,HTTP/HTTPS
50.218.57.64,80,anonymous,anonymous,HTTP/HTTPS
50.217.226.41,80,anonymous,anonymous,HTTP/HTTPS
195.23.57.78,80,anonymous,anonymous,HTTP/HTTPS
50.223.239.185,80,anonymous,anonymous,HTTP/HTTPS
50.217.226.46,80,anonymous,anonymous,HTTP/HTTPS
50.174.7.157,80,anonymous,anonymous,HTTP/HTTPS
50.207.199.83,80,anonymous,anonymous,HTTP/HTTPS
41.207.187.178,80,anonymous,anonymous,HTTP/HTTPS
50.217.226.45,80,anonymous,anonymous,HTTP/HTTPS
50.175.212.79,80,anonymous,anonymous,HTTP/HTTPS
50.171.177.124,80,anonymous,anonymous,HTTP/HTTPS
50.144.189.54,80,anonymous,anonymous,HTTP/HTTPS
50.231.172.74,80,anonymous,anonymous,HTTP/HTTPS
50.223.239.168,80,anonymous,anonymous,HTTP/HTTPS
50.218.204.106,80,anonymous,anonymous,HTTP/HTTPS
50.169.37.50,80,anonymous,anonymous,HTTP/HTTPS
50.174.145.14,80,anonymous,anonymous,HTTP/HTTPS
50.221.74.130,80,anonymous,anonymous,HTTP/HTTPS
50.218.224.35,80,anonymous,anonymous,HTTP/HTTPS
50.172.75.127,80,anonymous,anonymous,HTTP/HTTPS
83.1.176.118,80,anonymous,anonymous,HTTP/HTTPS
50.174.7.155,80,anonymous,anonymous,HTTP/HTTPS
66.191.31.158,80,anonymous,anonymous,HTTP/HTTPS
50.174.7.152,80,anonymous,anonymous,HTTP/HTTPS
50.144.168.74,80,anonymous,anonymous,HTTP/HTTPS
50.172.75.126,80,anonymous,anonymous,HTTP/HTTPS
50.144.166.226,80,anonymous,anonymous,HTTP/HTTPS
50.231.104.58,80,anonymous,anonymous,HTTP/HTTPS
50.217.226.43,80,anonymous,anonymous,HTTP/HTTPS
50.172.75.123,80,anonymous,anonymous,HTTP/HTTPS
50.207.199.82,80,anonymous,anonymous,HTTP/HTTPS
50.218.57.69,80,anonymous,anonymous,HTTP/HTTPS
50.218.204.96,80,anonymous,anonymous,HTTP/HTTPS
50.174.145.8,80,anonymous,anonymous,HTTP/HTTPS
50.222.245.50,80,anonymous,anonymous,HTTP/HTTPS
203.109.4.187,18092,elite proxy,elite proxy,HTTP/HTTPS
50.222.245.42,80,anonymous,anonymous,HTTP/HTTPS
50.172.75.122,80,anonymous,anonymous,HTTP/HTTPS
50.145.24.181,80,anonymous,anonymous,HTTP/HTTPS
68.185.57.66,80,anonymous,anonymous,HTTP/HTTPS
50.222.245.46,80,anonymous,anonymous,HTTP/HTTPS
50.175.212.77,80,anonymous,anonymous,HTTP/HTTPS
50.223.239.173,80,anonymous,anonymous,HTTP/HTTPS
188.132.209.245,80,anonymous,anonymous,HTTP/HTTPS
50.175.212.76,80,anonymous,anonymous,HTTP/HTTPS
50.223.239.194,80,anonymous,anonymous,HTTP/HTTPS
50.218.204.103,80,anonymous,anonymous,HTTP/HTTPS
50.223.239.175,80,anonymous,anonymous,HTTP/HTTPS
50.174.145.10,80,anonymous,anonymous,HTTP/HTTPS
50.172.75.124,80,anonymous,anonymous,HTTP/HTTPS
50.175.212.72,80,anonymous,anonymous,HTTP/HTTPS
50.174.7.159,80,anonymous,anonymous,HTTP/HTTPS
50.223.239.183,80,anonymous,anonymous,HTTP/HTTPS
50.169.135.10,80,anonymous,anonymous,HTTP/HTTPS
34.23.45.223,80,elite proxy,elite proxy,HTTP/HTTPS
50.202.75.26,80,anonymous,anonymous,HTTP/HTTPS
50.218.57.68,80,anonymous,anonymous,HTTP/HTTPS
20.24.43.214,80,elite proxy,elite proxy,HTTP/HTTPS
50.175.212.66,80,anonymous,anonymous,HTTP/HTTPS
50.223.239.177,80,anonymous,anonymous,HTTP/HTTPS
50.231.110.26,80,anonymous,anonymous,HTTP/HTTPS
162.245.85.220,80,elite proxy,elite proxy,HTTP/HTTPS
50.172.75.125,80,anonymous,anonymous,HTTP/HTTPS
189.202.188.149,80,anonymous,anonymous,HTTP/HTTPS
50.222.245.45,80,anonymous,anonymous,HTTP/HTTPS
50.217.226.47,80,anonymous,anonymous,HTTP/HTTPS
50.174.145.11,80,anonymous,anonymous,HTTP/HTTPS
50.223.242.103,80,anonymous,anonymous,HTTP/HTTPS
50.171.187.51,80,anonymous,anonymous,HTTP/HTTPS
198.49.68.80,80,elite proxy,elite proxy,HTTP/HTTPS
96.113.158.126,80,anonymous,anonymous,HTTP/HTTPS
50.223.242.100,80,anonymous,anonymous,HTTP/HTTPS
50.218.57.71,80,anonymous,anonymous,HTTP/HTTPS
50.230.222.202,80,anonymous,anonymous,HTTP/HTTPS
50.239.72.17,80,anonymous,anonymous,HTTP/HTTPS
50.223.239.191,80,anonymous,anonymous,HTTP/HTTPS
50.221.230.186,80,anonymous,anonymous,HTTP/HTTPS
50.174.7.156,80,anonymous,anonymous,HTTP/HTTPS
50.175.212.74,80,anonymous,anonymous,HTTP/HTTPS
80.228.235.6,80,anonymous,anonymous,HTTP/HTTPS
50.217.226.44,80,anonymous,anonymous,HTTP/HTTPS
216.137.184.253,80,elite proxy,elite proxy,HTTP/HTTPS
201.148.32.162,80,anonymous,anonymous,HTTP/HTTPS
50.174.7.158,80,anonymous,anonymous,HTTP/HTTPS
50.223.38.6,80,anonymous,anonymous,HTTP/HTTPS
213.218.228.253,80,anonymous,anonymous,HTTP/HTTPS
38.54.71.67,80,elite proxy,elite proxy,HTTP/HTTPS
142.11.222.22,80,United States of America,unknown,unknown
107.178.9.186,8080,United States of America,unknown,unknown
34.29.41.58,3128,United States of America,unknown,unknown
137.184.197.190,80,United States of America,unknown,unknown
174.126.217.110,80,United States of America,unknown,unknown
38.51.49.84,999,United States of America,unknown,unknown
143.42.194.37,3128,United States of America,unknown,unknown
66.63.168.119,8000,United States of America,unknown,unknown
52.41.249.10,80,United States of America,unknown,unknown
67.22.28.62,8080,United States of America,unknown,unknown
8.242.178.5,999,United States of America,unknown,unknown
43.153.66.118,80,United States of America,unknown,unknown
3.128.142.113,80,United States of America,unknown,unknown
108.161.128.43,80,United States of America,unknown,unknown
24.172.34.114,49920,United States of America,unknown,unknown
155.50.208.37,3128,United States of America,unknown,unknown
64.225.4.63,9993,United States of America,unknown,unknown
155.50.241.99,3128,United States of America,unknown,unknown
34.135.166.24,80,United States of America,unknown,unknown
34.75.202.63,80,United States of America,unknown,unknown
209.145.60.213,80,United States of America,unknown,unknown
159.203.104.153,8200,United States of America,unknown,unknown
50.113.36.155,8080,United States of America,unknown,unknown
162.144.236.128,80,United States of America,unknown,unknown
155.50.213.149,3128,United States of America,unknown,unknown
45.61.187.67,4009,United States of America,unknown,unknown
3.143.37.255,80,United States of America,unknown,unknown
184.72.36.89,80,United States of America,unknown,unknown
24.230.33.96,3128,United States of America,unknown,unknown
142.147.114.50,8080,United States of America,unknown,unknown
52.24.80.166,80,United States of America,unknown,unknown
155.50.215.37,3128,United States of America,unknown,unknown
109.122.195.16,80,United States of America,unknown,unknown
157.230.226.230,1202,United States of America,unknown,unknown
167.99.174.59,80,United States of America,unknown,unknown
191.101.1.116,80,United States of America,unknown,unknown
192.81.128.182,8089,United States of America,unknown,unknown
68.183.143.134,80,United States of America,unknown,unknown
38.56.70.97,999,United States of America,unknown,unknown
18.144.77.146,80,United States of America,unknown,unknown
209.126.6.159,80,United States of America,unknown,unknown
138.68.235.51,80,United States of America,unknown,unknown
38.10.179.195,999,United States of America,unknown,unknown
72.52.217.188,80,United States of America,unknown,unknown
103.76.253.66,3129,India,unknown,unknown
103.174.102.127,80,India,unknown,unknown
103.155.54.26,83,India,unknown,unknown
103.51.21.250,83,India,unknown,unknown
103.78.170.13,83,India,unknown,unknown
182.72.203.246,80,India,unknown,unknown
103.125.154.233,8080,India,unknown,unknown
103.243.114.206,8080,India,unknown,unknown
103.134.165.38,8080,India,unknown,unknown
59.92.70.176,3127,India,unknown,unknown
103.242.119.88,80,India,unknown,unknown
103.206.208.135,55443,India,unknown,unknown
103.180.73.107,8080,India,unknown,unknown
103.160.207.49,32650,India,unknown,unknown
103.82.157.102,8080,India,unknown,unknown
45.249.78.25,83,India,unknown,unknown
13.232.245.132,80,India,unknown,unknown
46.160.129.189,3128,Russian Federation,unknown,unknown
85.172.0.30,8080,Russian Federation,unknown,unknown
194.186.35.70,3128,Russian Federation,unknown,unknown
185.174.137.30,3128,Russian Federation,unknown,unknown
92.255.205.129,8080,Russian Federation,unknown,unknown
91.213.249.200,80,Russian Federation,unknown,unknown
82.146.37.145,80,Russian Federation,unknown,unknown
77.91.74.77,80,Russian Federation,unknown,unknown
94.26.241.120,8080,Russian Federation,unknown,unknown
194.186.127.60,80,Russian Federation,unknown,unknown
77.233.5.68,55443,Russian Federation,unknown,unknown
85.235.184.186,3129,Russian Federation,unknown,unknown
46.0.203.186,8080,Russian Federation,unknown,unknown
90.154.124.211,8080,Russian Federation,unknown,unknown
149.126.101.162,8080,Russian Federation,unknown,unknown
94.250.250.154,3128,Russian Federation,unknown,unknown
82.165.105.48,80,Germany,unknown,unknown
144.91.106.93,3128,Germany,unknown,unknown
188.34.164.99,8080,Germany,unknown,unknown
46.101.102.134,3128,Germany,unknown,unknown
116.203.27.109,80,Germany,unknown,unknown
207.180.250.238,80,Germany,unknown,unknown
88.99.148.60,8111,Germany,unknown,unknown
141.147.33.121,80,Germany,unknown,unknown
46.101.160.223,80,Germany,unknown,unknown
207.180.252.117,2222,Germany,unknown,unknown
78.47.103.89,8080,Germany,unknown,unknown
18.195.164.53,7777,Germany,unknown,unknown
159.69.214.139,3128,Germany,unknown,unknown
213.168.210.76,80,Germany,unknown,unknown
173.249.30.165,3128,Germany,unknown,unknown
152.231.25.114,8080,Colombia,unknown,unknown
201.182.251.142,999,Colombia,unknown,unknown
181.57.131.122,8080,Colombia,unknown,unknown
190.69.157.213,999,Colombia,unknown,unknown
179.1.192.17,999,Colombia,unknown,unknown
179.1.133.33,999,Colombia,unknown,unknown
170.239.207.241,999,Colombia,unknown,unknown
181.129.43.3,8080,Colombia,unknown,unknown
177.93.44.53,999,Colombia,unknown,unknown
190.71.24.129,999,Colombia,unknown,unknown
186.159.6.163,1994,Colombia,unknown,unknown
201.219.201.14,999,Colombia,unknown,unknown
181.205.41.210,7654,Colombia,unknown,unknown
43.132.184.228,8181,Hong Kong,unknown,unknown
202.162.105.202,8000,Hong Kong,unknown,unknown
20.187.77.5,80,Hong Kong,unknown,unknown
165.154.224.14,80,Hong Kong,unknown,unknown
223.18.60.191,8080,Hong Kong,unknown,unknown
202.162.105.202,80,Hong Kong,unknown,unknown
103.234.55.173,80,Hong Kong,unknown,unknown
123.202.159.108,80,Hong Kong,unknown,unknown
20.205.115.87,8080,Hong Kong,unknown,unknown
119.237.43.106,80,Hong Kong,unknown,unknown
103.6.177.174,8002,Hong Kong,unknown,unknown
43.129.249.83,8888,Hong Kong,unknown,unknown
5.78.89.192,8080,Iran, Islamic Republic of,unknown,unknown
45.159.150.23,3128,Iran, Islamic Republic of,unknown,unknown
217.219.74.130,8888,Iran, Islamic Republic of,unknown,unknown
5.78.44.6,8080,Iran, Islamic Republic of,unknown,unknown
91.107.203.75,8080,Iran, Islamic Republic of,unknown,unknown
193.176.242.186,80,Iran, Islamic Republic of,unknown,unknown
89.43.10.141,80,Iran, Islamic Republic of,unknown,unknown
31.214.171.62,3128,Iran, Islamic Republic of,unknown,unknown
185.118.155.202,8080,Iran, Islamic Republic of,unknown,unknown
46.209.54.102,8080,Iran, Islamic Republic of,unknown,unknown
84.241.8.234,8080,Iran, Islamic Republic of,unknown,unknown
109.111.212.78,8080,United Kingdom of Great Britain and Northern Ireland,unknown,unknown
143.198.241.47,80,United Kingdom of Great Britain and Northern Ireland,unknown,unknown
178.128.172.154,3128,United Kingdom of Great Britain and Northern Ireland,unknown,unknown
134.209.189.42,80,United Kingdom of Great Britain and Northern Ireland,unknown,unknown
209.250.230.101,9090,United Kingdom of Great Britain and Northern Ireland,unknown,unknown
213.171.214.19,8001,United Kingdom of Great Britain and Northern Ireland,unknown,unknown
46.101.19.131,80,United Kingdom of Great Britain and Northern Ireland,unknown,unknown
80.194.38.106,3333,United Kingdom of Great Britain and Northern Ireland,unknown,unknown
92.207.253.226,38157,United Kingdom of Great Britain and Northern Ireland,unknown,unknown
141.136.42.164,80,United Kingdom of Great Britain and Northern Ireland,unknown,unknown
146.59.243.214,80,France,unknown,unknown
31.207.38.66,80,France,unknown,unknown
46.105.35.193,8080,France,unknown,unknown
81.250.223.126,80,France,unknown,unknown
51.159.134.210,3128,France,unknown,unknown
54.36.81.217,8080,France,unknown,unknown
5.135.136.60,9090,France,unknown,unknown
51.178.165.36,3128,France,unknown,unknown
37.187.88.32,8001,France,unknown,unknown
82.210.56.251,80,France,unknown,unknown
14.207.24.176,8080,Thailand,unknown,unknown
180.180.218.250,8080,Thailand,unknown,unknown
1.179.148.9,55636,Thailand,unknown,unknown
183.88.184.48,8080,Thailand,unknown,unknown
125.25.40.41,32650,Thailand,unknown,unknown
1.2.252.65,8080,Thailand,unknown,unknown
183.89.41.224,8080,Thailand,unknown,unknown
125.25.32.228,8080,Thailand,unknown,unknown
180.183.108.19,8080,Thailand,unknown,unknown
159.192.138.170,8080,Thailand,unknown,unknown
181.212.45.226,8080,Chile,unknown,unknown
181.74.81.195,999,Chile,unknown,unknown
181.212.41.171,999,Chile,unknown,unknown
186.103.130.91,8080,Chile,unknown,unknown
146.83.118.9,80,Chile,unknown,unknown
190.110.99.189,999,Chile,unknown,unknown
45.225.184.177,999,Chile,unknown,unknown
200.54.194.13,53281,Chile,unknown,unknown
190.111.209.207,3128,Argentina,unknown,unknown
45.238.12.4,3128,Argentina,unknown,unknown
143.202.97.171,999,Argentina,unknown,unknown
168.90.255.60,999,Argentina,unknown,unknown
190.136.50.67,3128,Argentina,unknown,unknown
170.210.121.190,8080,Argentina,unknown,unknown
200.106.184.97,999,Argentina,unknown,unknown
190.57.245.250,8080,Argentina,unknown,unknown
154.239.9.94,8080,Egypt,unknown,unknown
41.65.160.171,1981,Egypt,unknown,unknown
41.65.55.10,1976,Egypt,unknown,unknown
41.33.66.228,1981,Egypt,unknown,unknown
195.246.54.31,8080,Egypt,unknown,unknown
156.200.116.71,1981,Egypt,unknown,unknown
41.65.236.56,1981,Egypt,unknown,unknown
203.243.63.16,80,Korea, Republic of,unknown,unknown
13.209.156.241,80,Korea, Republic of,unknown,unknown
121.139.218.165,31409,Korea, Republic of,unknown,unknown
52.79.107.158,8080,Korea, Republic of,unknown,unknown
61.111.38.5,80,Korea, Republic of,unknown,unknown
125.141.151.83,80,Korea, Republic of,unknown,unknown
103.151.41.7,80,Japan,unknown,unknown
163.44.253.160,80,Japan,unknown,unknown
140.83.32.175,80,Japan,unknown,unknown
150.230.207.167,80,Japan,unknown,unknown
103.42.28.27,45787,Japan,unknown,unknown
150.230.59.34,8080,Japan,unknown,unknown
102.216.69.176,8080,Kenya,unknown,unknown
154.79.254.236,32650,Kenya,unknown,unknown
102.0.0.118,80,Kenya,unknown,unknown
196.202.210.73,32650,Kenya,unknown,unknown
197.232.36.85,41890,Kenya,unknown,unknown
41.217.223.145,32650,Kenya,unknown,unknown
34.87.103.220,80,Singapore,unknown,unknown
34.126.187.77,80,Singapore,unknown,unknown
165.154.236.214,80,Singapore,unknown,unknown
51.79.249.186,3128,Singapore,unknown,unknown
18.142.81.218,80,Singapore,unknown,unknown
156.67.217.159,80,Singapore,unknown,unknown
190.238.231.65,1994,Peru,unknown,unknown
181.65.169.35,999,Peru,unknown,unknown
190.116.2.52,80,Peru,unknown,unknown
201.218.144.18,999,Peru,unknown,unknown
190.187.201.26,8080,Peru,unknown,unknown
201.218.144.19,999,Peru,unknown,unknown
94.231.192.97,8080,Türkiye,unknown,unknown
81.161.236.152,8080,Türkiye,unknown,unknown
88.255.102.123,8080,Türkiye,unknown,unknown
78.188.81.57,8080,Türkiye,unknown,unknown
185.200.37.98,8080,Türkiye,unknown,unknown
88.255.218.79,8080,Türkiye,unknown,unknown
95.217.104.21,24815,Finland,unknown,unknown
95.217.195.146,9999,Finland,unknown,unknown
95.216.230.239,80,Finland,unknown,unknown
95.217.137.46,8080,Finland,unknown,unknown
65.21.131.27,80,Finland,unknown,unknown
119.93.129.34,80,Philippines,unknown,unknown
143.44.191.108,8080,Philippines,unknown,unknown
122.52.196.36,8080,Philippines,unknown,unknown
58.69.201.117,8082,Philippines,unknown,unknown
112.205.92.14,8080,Philippines,unknown,unknown
187.141.184.235,8080,Mexico,unknown,unknown
45.188.166.52,1994,Mexico,unknown,unknown
45.231.221.193,999,Mexico,unknown,unknown
189.250.135.40,80,Mexico,unknown,unknown
177.229.210.50,8080,Mexico,unknown,unknown
190.113.40.202,999,Dominican Republic,unknown,unknown
201.229.250.21,8080,Dominican Republic,unknown,unknown
45.229.34.174,999,Dominican Republic,unknown,unknown
190.89.37.73,999,Dominican Republic,unknown,unknown
191.97.16.160,999,Venezuela, Bolivarian Republic of,unknown,unknown
201.249.152.172,999,Venezuela, Bolivarian Republic of,unknown,unknown
191.97.19.66,999,Venezuela, Bolivarian Republic of,unknown,unknown
38.10.250.5,999,Venezuela, Bolivarian Republic of,unknown,unknown
45.235.123.45,999,Paraguay,unknown,unknown
190.128.241.102,80,Paraguay,unknown,unknown
181.120.28.228,80,Paraguay,unknown,unknown
190.52.178.17,80,Paraguay,unknown,unknown
102.38.17.193,8080,Libya,unknown,unknown
41.254.53.70,1981,Libya,unknown,unknown
102.38.22.121,8080,Libya,unknown,unknown
85.221.249.213,8080,Poland,unknown,unknown
194.31.53.250,80,Poland,unknown,unknown
153.19.91.77,80,Poland,unknown,unknown
43.255.113.232,84,Cambodia,unknown,unknown
203.189.150.48,8080,Cambodia,unknown,unknown
103.216.51.36,32650,Cambodia,unknown,unknown
200.24.130.138,999,Ecuador,unknown,unknown
157.100.6.202,999,Ecuador,unknown,unknown
181.39.27.225,1994,Ecuador,unknown,unknown
178.62.229.28,3128,Netherlands,unknown,unknown
84.241.188.138,8111,Netherlands,unknown,unknown
45.90.104.150,9090,Netherlands,unknown,unknown
64.56.150.102,3128,Canada,unknown,unknown
172.105.107.223,3128,Canada,unknown,unknown
51.222.155.142,80,Canada,unknown,unknown
190.5.77.211,80,Honduras,unknown,unknown
200.52.148.10,999,Honduras,unknown,unknown
139.5.73.71,8080,Nepal,unknown,unknown
103.153.232.41,8080,Nepal,unknown,unknown
103.176.179.84,3128,Viet Nam,unknown,unknown
222.255.238.159,80,Viet Nam,unknown,unknown
103.137.91.250,8080,Lao People's Democratic Republic,unknown,unknown
202.137.134.160,8088,Lao People's Democratic Republic,unknown,unknown
36.229.100.73,80,Taiwan, Province of China,unknown,unknown
61.216.156.222,60808,Taiwan, Province of China,unknown,unknown
81.94.255.13,8080,Hungary,unknown,unknown
85.238.74.91,8080,Hungary,unknown,unknown
151.22.181.205,8080,Italy,unknown,unknown
156.54.240.53,3128,Italy,unknown,unknown
3.24.58.156,3128,Australia,unknown,unknown
212.192.31.37,3128,Czechia,unknown,unknown
81.44.83.70,8080,Spain,unknown,unknown
41.204.63.118,80,Ghana,unknown,unknown
190.61.88.147,8080,Guatemala,unknown,unknown
41.86.46.112,8080,Seychelles,unknown,unknown
213.6.155.9,19000,Palestine, State of,unknown,unknown
92.118.132.125,8080,Ukraine,unknown,unknown
43.251.119.79,45787,China,unknown,unknown
41.86.252.91,443,Benin,unknown,unknown
16.170.1.8,80,Sweden,unknown,unknown
154.72.90.74,8081,Tanzania, United Republic of,unknown,unknown
200.108.197.2,8080,Uruguay,unknown,unknown
154.113.121.60,80,Nigeria,unknown,unknown
41.77.188.131,80,Guinea,unknown,unknown
190.186.237.103,80,Bolivia, Plurinational State of,unknown,unknown
196.1.95.124,80,Senegal,unknown,unknown
175.139.179.65,42580,Malaysia,unknown,unknown
134.19.254.2,21231,Georgia,unknown,unknown
122.129.84.12,8080,Pakistan,unknown,unknown
103.102.85.1,8080,,unknown,unknown
80.91.125.238,8089,Albania,unknown,unknown
146.70.80.76,80,Denmark,unknown,unknown
102.39.68.76,8080,South Africa,unknown,unknown
222.88.167.22,9002,China,elite,http
151.22.181.241,8080,Italy,transparent,http
51.210.19.141,80,France,elite,http
85.172.0.30,8080,Russian Federation,elite,http
120.197.40.219,9002,China,elite,http
181.209.82.202,999,Argentina,transparent,http
136.226.252.104,11197,India,elite,http
67.43.227.226,28105,Canada,elite,http
103.48.68.98,80,India,transparent,http
58.246.58.150,9002,China,elite,http
185.105.91.53,4444,Russian Federation,elite,http
209.126.6.159,80,United States of America,elite,http
203.19.38.114,1080,Hong Kong,elite,http
51.89.14.70,80,United Kingdom of Great Britain and Northern Ireland,elite,http
147.161.148.118,11194,Belgium,elite,http
198.49.68.80,80,United States of America,elite,http
136.226.166.122,11194,United Kingdom of Great Britain and Northern Ireland,elite,http
207.248.108.129,20185,Mexico,transparent,http